,5/8/2024,5/9/2024,5/14/2024,5/20/2024,5/25/2024,5/28/2024,5/29/2024,
Hour (UTC),Doppler (Hz),Doppler (Hz),Doppler (Hz),Doppler (Hz),Doppler (Hz),Doppler (Hz),Doppler (Hz),Average Doppler (Hz)
0,-0.191729993,-0.301600009,-0.101889998,-0.198039994,-0.480580002,-0.193189994,-0.254970014,-0.246
0.01667,-0.185849994,-0.323680013,-0.084459998,-0.051759999,-0.644879997,-0.051630002,-0.253560007,-0.227974287
0.03333,-0.124329999,-0.332049996,-0.200069994,-0.084590003,-0.541970015,-0.174229994,-0.220190004,-0.239632858
0.05,-0.152610004,-0.335420012,-0.220980003,-0.180480003,-0.266360015,-0.161180004,-0.213369995,-0.218628577
0.06667,-0.138009995,-0.403629988,-0.266050011,-0.28628999,-0.279170007,-0.144350007,-0.221520007,-0.248431429
0.08333,-0.189329997,-0.422049999,-0.43186,-0.45708999,-0.34424001,-0.019330001,-0.2192,-0.297585714
0.1,-0.131730005,-0.533840001,-0.479860008,-0.358410001,-0.414339989,-0.01737,-0.21604,-0.307370001
0.11667,-0.202460006,-0.549250007,-0.492330015,-0.307280004,-0.45126,-0.166950002,-0.252979994,-0.346072861
0.13333,-0.197940007,-0.578469992,-0.494419992,-0.356160015,-0.294209987,-0.18739,-0.27926001,-0.341121429
0.15,-0.176249996,-0.652140021,-0.488629997,-0.417950004,-0.295459986,-0.216700003,-0.262210011,-0.358477145
0.16667,-0.148000002,-0.581809998,-0.387140006,-0.301649988,-0.152349994,-0.284810007,-0.311659992,-0.309631426
0.18333,-0.14192,-0.511829972,-0.411460012,-0.378740013,-0.118840002,-0.364120007,-0.262109995,-0.312717143
0.2,-0.190029994,-0.591170013,-0.422580004,-0.362809986,-0.125369996,-0.405209988,-0.139679998,-0.319549997
0.21667,-0.166529998,-0.574299991,-0.35453999,-0.32615,-0.218630001,-0.673940003,-0.098839998,-0.344704283
0.23333,-0.174559996,-0.430480003,-0.278259993,-0.369489998,-0.281399995,-0.791360021,-0.14531,-0.352980001
0.25,-0.162509993,-0.521939993,-0.275979996,-0.329320014,-0.457540005,-1.006369948,-0.170739993,-0.41777142
0.26667,-0.14215,-0.65180999,-0.30399999,-0.321830004,-0.40417999,-1.115229964,-0.223169997,-0.451767134
0.28333,-0.156629995,-0.540470004,-0.385600001,-0.390839994,-0.419340014,-0.99326998,-0.297149986,-0.454757139
0.3,-0.176640004,-0.51718998,-0.364289999,-0.21717,-0.472359985,-0.663510025,-0.372559994,-0.397674284
0.31667,-0.184139997,-0.415199995,-0.361470014,-0.179700002,-0.48251,-0.91614002,-0.375470012,-0.41637572
0.33333,-0.245419994,-0.349700004,-0.357870013,-0.243589997,-0.36875999,-0.721840024,-0.425110012,-0.387470005
0.35,-0.134159997,-0.31261,-0.312830001,-0.258359998,-0.173889995,-0.900030017,-0.229069993,-0.331564286
0.36667,-0.167270005,-0.210590005,-0.335000008,-0.412010014,-0.124899998,-0.645120025,-0.206400007,-0.300184295
0.38333,-0.171189994,-0.225319996,-0.373389989,-0.428240001,-0.136840001,-0.473140001,-0.180370003,-0.284069998
0.4,-0.145520002,-0.260600001,-0.423390001,-0.423200011,-0.13075,-0.378670007,-0.0583,-0.260061432
0.41667,-0.171460003,-0.225810006,-0.418410003,-0.416390002,-0.204359993,-0.483850002,-0.206770003,-0.303864287
0.43333,-0.196260005,-0.285530001,-0.29005,-0.358200014,-0.188850001,-0.543799996,-0.066820003,-0.275644289
0.45,-0.18739,-0.437979996,-0.292010009,-0.279509991,-0.160339996,-0.48743999,-0.100309998,-0.277854283
0.46667,-0.134629995,-0.458640009,-0.244819999,-0.284990013,-0.194969997,-0.489930004,-0.160439998,-0.281202859
0.48333,-0.096879996,-0.403640002,-0.288190007,-0.274390012,-0.347649992,-0.519749999,-0.170729995,-0.300175715
0.5,-0.168720007,-0.42798999,-0.306290001,-0.306410015,-0.357840002,-0.541670024,-0.176750004,-0.326524292
0.51667,-0.218400002,-0.545159996,-0.354790002,-0.37312001,-0.358810008,-0.588320017,-0.211180001,-0.378540005
0.53333,-0.242919996,-0.488840014,-0.380989999,-0.364989996,-0.368250012,-0.542169988,-0.212160006,-0.371474287
0.55,-0.297850013,-0.568509996,-0.395260006,-0.330460012,-0.344489992,-0.521260023,-0.231900007,-0.38424715
0.56667,-0.370999992,-0.739059985,-0.393810004,-0.34375,-0.317440003,-0.317970008,-0.234420002,-0.388207142
0.58333,-0.352450013,-0.796549976,-0.392030001,-0.282770008,-0.343129992,-0.257490009,-0.196930006,-0.374478572
0.6,-0.38527,-0.716799974,-0.346260011,-0.275539994,-0.365130007,-0.491299987,-0.269840002,-0.407162854
0.61667,-0.286080003,-0.660880029,-0.325010002,-0.195040002,-0.373430014,-0.618019998,-0.253839999,-0.387471435
0.63333,-0.290309995,-0.663850009,-0.381190002,-0.227840006,-0.364459991,-0.508430004,-0.264690012,-0.385824289
0.65,-0.286529988,-0.581290007,-0.454409987,-0.371960014,-0.439630002,-0.606060028,-0.356830001,-0.442387147
0.66667,-0.281769991,-0.429259986,-0.488559991,-0.207680002,-0.490370005,-0.507089972,-0.105240002,-0.358567136
0.68333,-0.211659998,-0.470640004,-0.574599981,-0.146850005,-0.498699993,-0.470039994,-0.019160001,-0.341664282
0.7,-0.235650003,-0.483619988,-0.635339975,-0.158370003,-0.294569999,-0.410290003,0.064479999,-0.307622853
0.71667,-0.187230006,-0.504999995,-0.433279991,-0.189019993,-0.091499999,-0.389840007,0.090159997,-0.243672856
0.73333,-0.159470007,-0.592819989,-0.241600007,-0.232659996,-0.04445,-0.516120017,0.236619994,-0.221500003
0.75,-0.206850007,-0.706149995,-0.372170001,-0.299710006,-0.132379994,-0.580690026,0.089359999,-0.315512862
0.76667,-0.2368,-0.614639997,-0.475879997,-0.410640001,-0.131109998,-0.478729993,-0.247160003,-0.37070857
0.78333,-0.221129999,-0.395770013,-0.468389988,-0.483339995,-0.333310008,-0.492790014,0.034699999,-0.337147145
0.8,-0.287849993,-0.526000023,-0.223660007,-0.490630001,-0.178529993,-0.307619989,-0.00657,-0.288694286
0.81667,-0.348159999,-0.783010006,-0.228300005,-0.491140008,-0.329320014,-0.337740004,0.042309999,-0.353622862
0.83333,-0.394809991,-0.780189991,-0.323520005,-0.435900003,-0.161039993,-0.357230008,-0.040739998,-0.356204284
0.85,-0.466289997,-0.699490011,-0.332569987,-0.354039997,-0.276140004,-0.383399993,-0.093489997,-0.372202855
0.86667,-0.565789998,-0.786880016,-0.403320014,-0.425779998,-0.383850008,-0.656570017,-0.0041,-0.460898579
0.88333,-0.627470016,-0.776979983,-0.693199992,-0.494480014,-0.410470009,-0.772989988,-0.172670007,-0.564037144
0.9,-0.542540014,-0.749220014,-0.367630005,-0.467159986,-0.457320005,-0.798449993,-0.201949999,-0.512038574
0.91667,-0.52313,-0.72943002,-0.267239988,-0.449669987,-0.614449978,-0.810199976,-0.204099998,-0.514031421
0.93333,-0.487500012,-0.834689975,-0.250499994,-0.398580015,-0.661920011,-0.736180007,-0.261999995,-0.518767144
0.95,-0.478670001,-0.761449993,-0.259169996,-0.388249993,-0.525380015,-0.725419998,-0.285930008,-0.489181429
0.96667,-0.471659988,-0.638849974,-0.245800003,-0.323680013,-0.493809998,-0.517530024,-0.385089993,-0.439488571
0.98333,-0.418500006,-0.701470017,-0.308569998,-0.264209986,-0.280600011,-0.387439996,-0.376190007,-0.390997146
1,-0.384770006,-0.561630011,-0.249390006,-0.250230014,-0.175009996,-0.251729995,-0.330430001,-0.314741433
1.01667,-0.368110001,-0.426169991,-0.280820012,-0.274470001,-0.187549993,-0.184210002,-0.325679988,-0.292429999
1.03333,-0.398580015,-0.472140014,-0.338499993,-0.335310012,-0.181869999,-0.04188,-0.274699986,-0.291854288
1.05,-0.366189986,-0.227579996,-0.340680003,-0.377700001,-0.158240005,0.12235,-0.218899995,-0.22384857
1.06667,-0.319840014,-0.264109999,-0.391160011,-0.377409995,-0.233129993,0.022120001,-0.20702,-0.252935716
1.08333,-0.364279985,-0.232329994,-0.441570014,-0.433679998,-0.237690002,0.022919999,-0.213320002,-0.271421428
1.1,-0.374909997,-0.336439997,-0.495900005,-0.388859987,-0.264780015,0.052469999,-0.258080006,-0.295214287
1.11667,-0.333160013,-0.257050008,-0.50405997,-0.377110004,-0.377510011,-0.085160002,-0.312449992,-0.320928571
1.13333,-0.389090002,-0.219160005,-0.505580008,-0.401089996,-0.452580005,-0.07615,-0.30061999,-0.334895715
1.15,-0.343620002,-0.230759993,-0.453070015,-0.375319988,-0.49612999,-0.198100001,-0.366290003,-0.35189857
1.16667,-0.311260015,-0.336450011,0.01682,-0.369109988,-0.500620008,-0.321880013,-0.249469995,-0.295995718
1.18333,-0.330309987,-0.40952,-0.095909998,-0.30656001,-0.506099999,-0.380239993,-0.161990002,-0.312947141
1.2,-0.278030008,-0.457120001,-0.088069998,-0.388489991,-0.516719997,-0.415170014,-0.04555,-0.312735716
1.21667,-0.217889994,-0.513369977,-0.03049,-0.412349999,-0.453209996,-0.503880024,-0.02201,-0.307599999
1.23333,-0.2667,-0.517170012,-0.210559994,-0.370530009,-0.381110013,-0.564859986,0.118749999,-0.313168574
1.25,-0.26078999,-0.439260006,-0.234990001,-0.385010004,-0.319819987,-0.593630016,0.229509994,-0.286284287
1.26667,-0.229379997,-0.372339994,-0.358630002,-0.392349988,-0.224140003,-0.659309983,0.149770007,-0.29805428
1.28333,-0.212830007,-0.162,-0.317440003,-0.392749995,-0.348239988,-0.626010001,0.206609994,-0.264665714
1.3,-0.25108999,-0.00458,-0.394490004,-0.371870011,-0.360830009,-0.355930001,0.241850004,-0.213848573
1.31667,-0.279449999,-0.108900003,-0.447739989,-0.228410006,-0.36333999,-0.1435,0.178609997,-0.198961427
1.33333,-0.279009998,-0.244670004,-0.482569993,-0.327170014,-0.380910009,-0.373149991,0.210800007,-0.268097143
1.35,-0.266840011,-0.212980002,-0.520319998,-0.217840001,-0.362069994,-0.429470003,0.139239997,-0.267182859
1.36667,-0.283470005,-0.26681,-0.515540004,-0.279949993,-0.426569998,-0.268900007,-0.043280002,-0.297788573
1.38333,-0.398400009,-0.250970006,-0.496179998,-0.268350005,-0.439449996,-0.176300004,0.121420003,-0.272604288
1.4,-0.463609993,-0.287319988,-0.42001,-0.201470003,-0.46292001,-0.211170003,-0.0218,-0.295471428
1.41667,-0.499729991,-0.360520005,-0.383100003,-0.196250007,-0.580380023,-0.151240006,-0.092859998,-0.323440005
1.43333,-0.589860022,-0.335049987,-0.420980006,-0.186690003,-0.600570023,-0.195299998,-0.140029997,-0.352640005
1.45,-0.542020023,-0.368180007,-0.444799989,-0.286359996,-0.52767998,-0.344289988,-0.233239993,-0.392367139
1.46667,-0.569899976,-0.362859994,-0.47330001,-0.369830012,-0.444260001,-0.236570001,-0.207110003,-0.380547142
1.48333,-0.515209973,-0.369139999,-0.468589991,-0.368649989,-0.31674999,-0.310479999,-0.303880006,-0.378957135
1.5,-0.380499989,-0.262499988,-0.489250004,-0.431549996,-0.130879998,-0.276520014,-0.305119991,-0.325188569
1.51667,-0.286509991,-0.315530002,-0.513249993,-0.429870009,-0.251859993,-0.185249999,-0.31566,-0.328275712
1.53333,-0.337249994,0.084179997,-0.366030008,-0.483069986,-0.315860003,-0.222599998,-0.244440004,-0.269295714
1.55,-0.348150015,0.140760005,-0.469150007,-0.539979994,-0.332899988,-0.26778999,-0.290250003,-0.301065713
1.56667,-0.269510001,0.210109994,-0.499879986,-0.577600002,-0.552839994,-0.225649998,-0.227469996,-0.306119998
1.58333,-0.303350002,0.1373,-0.321539998,-0.570259988,-0.450390011,-0.266339988,-0.133699998,-0.272611426
1.6,-0.341300011,0.11688,-0.347449988,-0.49605,-0.462960005,-0.161420003,-0.175060004,-0.266765716
1.61667,-0.267390013,0.071539998,-0.103820004,-0.514940023,-0.421700001,-0.213980004,-0.170959994,-0.231607149
1.63333,-0.284979999,0.105319999,-0.105719998,-0.467209995,-0.339100003,-0.171670005,-0.14474,-0.201157143
1.65,-0.227329999,0.087360002,-0.158189997,-0.342209995,-0.129350007,0.037999999,-0.294970006,-0.14667
1.66667,-0.271200001,-0.076370001,-0.236860007,-0.290719986,-0.371630013,0.050779998,-0.377510011,-0.224787146
1.68333,-0.297120005,-0.005,-0.133770004,-0.276059985,-0.581139982,0.00956,-0.448280007,-0.247401426
1.7,-0.314200014,-0.048,-0.208289996,-0.180000007,-0.624239981,0.101549998,-0.288929999,-0.223158571
1.71667,-0.287889987,-0.297980011,-0.322420001,-0.166730002,-0.557009995,0.15038,-0.119410001,-0.228722857
1.73333,-0.309350014,-0.16279,-0.34483999,-0.191599995,-0.37579,0.138720006,-0.122110002,-0.195394285
1.75,-0.268750012,-0.137140006,-0.324010015,-0.211960003,-0.457910001,0.151380002,-0.042289998,-0.184382862
1.76667,-0.245920002,-0.199860007,-0.245250002,-0.202920005,-0.476740003,0.100579999,-0.00584,-0.182278574
1.78333,-0.381760001,-0.206200004,-0.367720008,-0.196869999,-0.428140014,0.03441,-0.036279999,-0.226080004
1.8,-0.253129989,-0.253190011,-0.366019994,-0.186550006,-0.341239989,-0.104520001,-0.152020007,-0.236667142
1.81667,-0.279650003,-0.251630008,-0.243640006,-0.211510003,-0.325419992,-0.05271,-0.142350003,-0.215272859
1.83333,-0.32991001,-0.267540008,-0.377530009,-0.188549995,-0.286049992,-0.02593,-0.147839993,-0.231907144
1.85,-0.301479995,-0.350279987,-0.394019991,-0.186989993,-0.300040007,-0.105760001,-0.219600007,-0.265452854
1.86667,-0.34928,-0.424840003,-0.26049,-0.102949999,-0.318720013,0.058060002,-0.342680007,-0.248700003
1.88333,-0.334710002,-0.364179999,-0.141739994,-0.173639998,-0.370220006,-0.00723,-0.360359997,-0.250297142
1.9,-0.323060006,-0.147129998,-0.05703,-0.18344,-0.351489991,0.154359996,-0.32949999,-0.176755713
1.91667,-0.214049995,-0.01,-0.024700001,-0.221149996,-0.294840008,0.166010007,-0.299510002,-0.128319999
1.93333,-0.175940007,0.245049998,-0.040199999,-0.171780005,-0.366380006,0.087930001,-0.10633,-0.075378574
1.95,-0.211410001,0.105930001,-0.109930001,-0.208230004,-0.42276001,0.182909995,-0.00533,-0.095545717
1.96667,-0.265430003,0.190530002,-0.151500002,-0.145199999,-0.428310007,0.154060006,-0.207149997,-0.121857143
1.98333,-0.218930006,0.195570007,-0.135810003,-0.148220003,-0.439500004,0.04239,-0.00615,-0.10152143
2,-0.234239995,-0.175549999,-0.180999994,-0.150889993,-0.367810011,0.0284,0.062479999,-0.145515713
2.01667,-0.230220005,-0.229489997,-0.209429994,-0.178080007,-0.479589999,0.0017,0.016070001,-0.187005714
2.03333,-0.223340005,-0.197019994,-0.241219997,-0.166510001,-0.487940013,-0.120889999,0.018200001,-0.202674287
2.05,-0.181360006,-0.257490009,-0.274150014,-0.211909994,-0.486530006,-0.094530001,0.05525,-0.207245719
2.06667,-0.153850004,-0.188700005,-0.244859993,-0.218419999,-0.551119983,-0.127869993,0.078199998,-0.200945712
2.08333,-0.157340005,-0.118539996,-0.211899996,-0.249239996,-0.520190001,-0.151940003,0.117619999,-0.184504285
2.1,-0.166930005,-0.067819998,-0.203199998,-0.231739998,-0.636349976,-0.219280005,0.105769999,-0.202792854
2.11667,-0.180899993,-0.024700001,-0.144250005,-0.217370003,-0.536970019,-0.253910005,0.054790001,-0.186187146
2.13333,-0.159290001,0.00643,0.27719,-0.177750006,-0.602580011,-0.314709991,-0.01829,-0.141285716
2.15,-0.146469995,-0.050530002,0.239600003,-0.140080005,-0.551829994,-0.333240002,-0.128739998,-0.158755713
2.16667,-0.093199998,-0.037870001,0.134430006,-0.154469997,-0.540069997,-0.282519996,-0.317440003,-0.184448569
2.18333,-0.06617,-0.045000002,-0.155039996,-0.127910003,-0.084720001,-0.405330002,-0.129570007,-0.144820002
2.2,-0.054409999,-0.092440002,0.08884,-0.114380002,0.154049993,-0.369929999,-0.123999998,-0.07318143
2.21667,-0.052099999,-0.170420006,0.286359996,-0.118649997,0.0098,-0.311150014,-0.02256,-0.05410286
2.23333,-0.030950001,-0.122189999,0.167769998,-0.120439999,-0.521860003,-0.332509995,-0.058230001,-0.145487143
2.25,-0.040800001,-0.075290002,0.181060001,-0.067309998,-0.525300026,-0.201810002,-0.0176,-0.106721433
2.26667,-0.0458,-0.061129998,0.04205,-0.071910001,-0.637000024,-0.250809997,-0.03483,-0.151347146
2.28333,-0.016009999,-0.00593,0.01103,-0.086539999,-0.493770003,-0.273750007,-0.035149999,-0.128588573
2.3,-0.057539999,-0.00908,0.032889999,-0.10616,-0.448419988,-0.267670006,-0.0206,-0.125225713
2.31667,-0.043469999,0.01293,0.05178,-0.12252,-0.433090001,-0.1998,-0.044009998,-0.111168571
2.33333,-0.027790001,0.041650001,0.02997,-0.146569997,-0.41918999,-0.246739998,0.01739,-0.107325712
2.35,-0.01914,0.04033,0.00833,-0.170489997,-0.64993,-0.0999,-0.051139999,-0.134562857
2.36667,-0.00666,0.02978,-0.138280004,-0.100299999,-0.65309,-0.153950006,-0.059900001,-0.154628573
2.38333,-0.01536,-0.07491,-0.229629993,-0.092419997,-0.538139999,-0.337449998,-0.023399999,-0.187329998
2.4,-0.035050001,-0.223079994,-0.30449,-0.078330003,-0.393920004,-0.287640005,0.030649999,-0.18455143
2.41667,-0.06098,-0.434689999,-0.289709985,-0.096139997,-0.428059995,-0.256859988,0.066529997,-0.214272852
2.43333,-0.067319997,-0.355560005,-0.286170006,-0.063270003,-0.52579999,-0.249050006,-0.035799999,-0.226138572
2.45,-0.084789999,-0.330049992,-0.32032001,-0.05937,-0.568650007,-0.251239985,-0.158250004,-0.253238571
2.46667,-0.075759999,-0.315259993,-0.280680001,-0.071379997,-0.565699995,-0.155110002,-0.224460006,-0.241192856
2.48333,-0.134829998,-0.092809997,-0.216169998,-0.022089999,-0.625020027,-0.137290001,-0.21153,-0.205677146
2.5,-0.145830005,0.134739995,-0.04789,-0.00473,-0.570469975,-0.226879999,-0.166610003,-0.146809998
2.51667,-0.092009999,0.036359999,-0.02203,-0.103990003,-0.48506999,-0.184599996,-0.036010001,-0.126764284
2.53333,-0.108130001,-0.01667,-0.00728,-0.00261,-0.375759989,-0.133180007,-0.00163,-0.09218
2.55,-0.215709999,-0.1426,0.022919999,-0.044020001,0.026459999,-0.267729998,-0.022600001,-0.091897143
2.56667,-0.118390001,-0.352999985,-0.05099,-0.108259998,0.301670015,-0.234239995,0.086939998,-0.068038567
2.58333,-0.092560001,-0.350840002,-0.098870002,-0.209010005,0.251419991,-0.282489985,0.055799998,-0.103792858
2.6,-0.127700001,-0.398090005,-0.167879999,-0.205249995,-0.016240001,-0.297639996,0.01345,-0.171335714
2.61667,-0.134039998,-0.387870014,-0.043060001,-0.159199998,0.185839996,-0.168160006,-0.00609,-0.101797146
2.63333,-0.1303,-0.602419972,-0.066239998,-0.191499993,0.021640001,-0.167989999,0.03892,-0.156841423
2.65,-0.119309999,-0.715659976,-0.078809999,-0.074340001,-0.134029999,-0.257149994,0.044709999,-0.19065571
2.66667,-0.108670004,-0.891300023,-0.065449998,-0.063819997,0.01774,-0.360870004,-0.217889994,-0.241465717
2.68333,-0.095360003,-0.82119,-0.115910001,-0.032570001,0.113849998,-0.518570006,-0.328209996,-0.25685143
2.7,-0.107940003,-0.855970025,-0.195449993,-0.01549,0.041230001,-0.561720014,-0.331440002,-0.289540005
2.71667,-0.10881,-0.858410001,-0.202749997,-0.060120001,-0.038120002,-0.60650003,-0.219500005,-0.299172862
2.73333,-0.093350001,-0.621609986,-0.284049988,-0.02843,-0.02022,-0.698170006,-0.239710003,-0.283648569
2.75,-0.108829997,-0.121789999,-0.306160003,0.018999999,-0.147159994,-0.437900007,-0.286760002,-0.198514286
2.76667,-0.1875,-0.127700001,-0.254689991,0.043079998,-0.128590003,-0.238089994,-0.258320004,-0.164544285
2.78333,-0.143830001,-0.202429995,-0.201189995,0.053690001,-0.372960001,-0.194949999,-0.27899,-0.191522856
2.8,-0.156489998,-0.279909998,-0.056639999,-0.04685,-0.347000003,-0.133970007,-0.234300002,-0.179308573
2.81667,-0.194700003,-0.19991,-0.07987,-0.267019987,-0.565630019,0.00946,-0.23195,-0.218517144
2.83333,-0.211779997,-0.145520002,-0.10971,-0.518599987,-0.581820011,0.01226,-0.308400005,-0.266224286
2.85,-0.272740006,-0.203459993,-0.00779,-0.298049986,-0.45708999,-0.026969999,-0.258150011,-0.217749998
2.86667,-0.317779988,-0.424849987,-0.019710001,-0.414319992,-0.398259997,0.07085,-0.232759997,-0.248118566
2.88333,-0.317479998,-0.380070001,-0.039179999,-0.41881001,-0.394320011,0.043740001,-0.206660002,-0.24468286
2.9,-0.323579997,-0.432960004,-0.096519999,-0.593079984,0.055050001,0.058979999,-0.178680003,-0.215827141
2.91667,-0.305570006,-0.463539988,-0.071120001,-0.36074999,0.179419994,-0.04764,-0.063730001,-0.161847142
2.93333,-0.303140014,-0.251230001,0.027729999,-0.325300008,0.065580003,-0.12748,-0.0022,-0.13086286
2.95,-0.332190007,-0.172810003,-0.01044,-0.287889987,0.119589999,-0.125499994,0.049559999,-0.108525713
2.96667,-0.302069992,-0.292149991,-0.202759996,-0.333959997,0.156189993,-0.088059999,0.037310001,-0.146499997
2.98333,-0.248040006,-0.261990011,-0.366670012,-0.295619994,0.301499993,-0.098690003,-0.031939998,-0.14306429
3,-0.336989999,-0.368539989,-0.436390013,-0.173600003,0.342759997,-0.154300004,-0.045469999,-0.167504287
3.01667,-0.235620007,-0.422230005,-0.333189994,-0.185609996,0.134910002,-0.107189998,-0.168510005,-0.188205715
3.03333,-0.256269991,-0.280369997,-0.461789995,-0.078720003,0.326649994,-0.128729999,-0.100060001,-0.139898571
3.05,-0.289849997,-0.28926,-0.232679993,-0.058770001,0.300660014,-0.052310001,-0.171639994,-0.113407139
3.06667,-0.348170012,-0.340200007,-0.126519993,-0.047419999,0.241940007,-0.046009999,-0.059360001,-0.103677143
3.08333,-0.319869995,-0.400350004,0.095059998,-0.06656,0.29629001,-0.033670001,-0.076010004,-0.072158571
3.1,-0.300689995,-0.503970027,0.069940001,-0.078319997,0.283520013,0.127839997,-0.01983,-0.060215715
3.11667,-0.234679997,-0.436540008,-0.04668,-0.065200001,0.30151999,0.237609997,-0.117650002,-0.051660003
3.13333,-0.186900005,-0.530510008,-0.207900003,-0.065169998,0.368250012,0.448260009,-0.25582999,-0.061399997
3.15,-0.258370012,-0.601620018,-0.09911,-0.144040003,0.35413,0.378170013,-0.111790001,-0.068947146
3.16667,-0.231319994,-0.60680002,-0.070940003,-0.154200003,0.298700005,0.349310011,-0.049679998,-0.066418572
3.18333,-0.267729998,-0.559199989,-0.264180005,-0.200890005,0.184520006,0.367709994,-0.070139997,-0.115701427
3.2,-0.267670006,-0.533159971,-0.212579995,-0.525789976,0.089440003,0.328009993,-0.176070005,-0.185402851
3.21667,-0.271950006,-0.48021999,-0.239910007,-0.447409987,0.055629998,0.191080004,-0.419450015,-0.230318572
3.23333,-0.224140003,-0.372339994,-0.20589,-0.404280007,-0.00687,0.110809997,-0.418650001,-0.217337144
3.25,-0.184689999,-0.120310001,-0.254759997,-0.426299989,-0.059220001,-0.04383,-0.257340014,-0.19235
3.26667,-0.181439996,-0.241469994,-0.406100005,-0.467599988,-0.139200002,-0.063560002,-0.302379996,-0.257392855
3.28333,-0.173339993,-0.218810007,-0.231720001,-0.407599986,-0.175909996,-0.037330002,-0.354449987,-0.228451424
3.3,-0.204139993,-0.196630001,-0.165720001,-0.370220006,-0.199159995,-0.161520004,-0.351669997,-0.235579999
3.31667,-0.184389994,-0.133880004,-0.333909988,-0.351020008,-0.276430011,-0.156979993,-0.339040011,-0.253664287
3.33333,-0.096390001,-0.222880006,-0.339560002,-0.341309994,-0.263289988,-0.108489998,-0.373299986,-0.249317139
3.35,-0.12951,-0.328040004,-0.26414001,-0.362509996,-0.224559993,-0.214479998,-0.385410011,-0.272664287
3.36667,-0.133670002,-0.302439988,-0.585169971,-0.323830009,-0.195020005,-0.159869999,-0.43689999,-0.305271423
3.38333,-0.025180001,-0.433730006,-0.568449974,-0.264050007,-0.137850001,-0.08867,-0.494489998,-0.28748857
3.4,-0.064400002,-0.395770013,-0.606899977,-0.282629997,-0.156149998,-0.11028,-0.52226001,-0.305484285
3.41667,-0.052310001,-0.284159988,-0.526910007,-0.285369992,-0.049460001,0.00091,-0.503740013,-0.243005715
3.43333,-0.046410002,-0.255609989,-0.445010006,-0.238940001,-0.05531,0.059780002,-0.473219991,-0.207817141
3.45,-0.070100002,-0.244330004,-0.437999994,-0.199499995,-0.151020005,0.127890006,-0.335810006,-0.187267143
3.46667,-0.248940006,-0.157780007,-0.449510008,-0.215949997,-0.265789986,0.135100007,-0.281210005,-0.212011429
3.48333,-0.19325,-0.108060002,-0.403189987,-0.107979998,-0.371270001,0.076420002,-0.243599996,-0.192989998
3.5,-0.21198,-0.097110003,-0.388190001,-0.076690003,-0.362529993,0.046980001,-0.243379995,-0.190414285
3.51667,-0.182060003,-0.204060003,-0.258320004,-0.151160002,-0.285340011,-0.01311,-0.223879993,-0.188275717
3.53333,-0.143690005,-0.239739999,-0.226040006,-0.240400001,-0.355069995,-0.225360006,-0.226500005,-0.236685717
3.55,-0.195629999,-0.271459997,-0.200320005,-0.345710009,-0.402920008,-0.182830006,-0.203539997,-0.257487146
3.56667,-0.158610001,-0.200220004,-0.267949998,-0.346150011,-0.424890012,-0.290459991,-0.221640006,-0.272845717
3.58333,-0.169870004,-0.1875,-0.24346,-0.322129995,-0.635959983,-0.286839992,-0.16516,-0.287274282
3.6,-0.115319997,-0.105219997,-0.209439993,-0.426660001,-0.541509986,-0.37033999,-0.229599997,-0.285441423
3.61667,-0.208900005,-0.335269988,-0.04569,-0.425850004,-0.496369988,-0.426270008,-0.131620005,-0.29571
3.63333,-0.155029997,-0.511009991,-0.090559997,-0.320520014,-0.460099995,-0.284869999,-0.126289994,-0.278339998
3.65,-0.119000003,-0.268720001,-0.04191,-0.26651001,-0.411330014,-0.299419999,-0.12139,-0.218325718
3.66667,-0.089100003,-0.476909995,-0.082280003,-0.252240002,-0.308530003,-0.465020001,-0.076080002,-0.250022858
3.68333,-0.02304,-0.390929997,-0.280979991,-0.21796,-0.364719987,-0.429329991,-0.118409999,-0.260767138
3.7,-0.055410001,-0.135299996,-0.151820004,-0.196799994,-0.420850009,-0.159710005,-0.0363,-0.165170001
3.71667,-0.162489995,0.202040002,-0.202250004,-0.227039993,-0.336270005,-0.193519995,-0.031580001,-0.135872856
3.73333,-0.227489993,0.338090003,-0.330760002,-0.242719993,-0.351940006,-0.202800006,-0.152810007,-0.167204286
3.75,-0.282929987,0.373129994,-0.473100007,-0.212630004,-0.475239992,-0.140410006,-0.098870002,-0.18715
3.76667,-0.248380005,0.140819997,-0.211630002,-0.180519998,-0.153689995,-0.206290007,-0.262430012,-0.16030286
3.78333,-0.311269999,0.12212,-0.211050004,-0.171729997,0.067910001,-0.107989997,-0.176599994,-0.11265857
3.8,-0.186379999,0.036210001,-0.310499996,-0.228300005,0.03441,-0.073689997,-0.04256,-0.110115714
3.81667,-0.308169991,0.169259995,-0.414130002,-0.19619,-0.053860001,-0.137769997,-0.289110005,-0.17571
3.83333,-0.145190001,0.251590014,-0.680639982,-0.175809994,-0.092479996,-0.071829997,-0.245350003,-0.165672851
3.85,-0.172739998,0.219799995,-0.456559986,-0.242009997,-0.156289995,-0.256720006,-0.131899998,-0.170917141
3.86667,-0.145799994,0.14869,-0.570689976,-0.281349987,-0.280900002,-0.097539999,-0.259030014,-0.212374282
3.88333,-0.184829995,0.120059997,-0.634270012,-0.202900007,-0.244910002,-0.173150003,-0.301490009,-0.231641433
3.9,-0.235579997,0.09815,-0.645489991,-0.164470002,-0.245690003,-0.170900002,-0.327809989,-0.241684284
3.91667,-0.278629988,0.121310003,-0.658630013,-0.166449994,-0.366899997,-0.25345999,-0.344260007,-0.278145712
3.93333,-0.288069993,0.03221,-0.577790022,-0.155499995,-0.360879987,-0.503499985,-0.481819987,-0.333621424
3.95,-0.27015999,-0.034460001,-0.502579987,-0.141139999,-0.355940014,-0.412730008,-0.265029997,-0.283148571
3.96667,-0.278840005,-0.070529997,-0.536059976,-0.101580001,-0.36443001,-0.956120014,-0.258040011,-0.366514288
3.98333,-0.422789991,-0.02997,-0.485590011,-0.052129999,-0.399340004,-0.742659986,-0.401069999,-0.361935713
4,-0.323909998,-0.072389998,-0.46965,-0.096029997,-0.43908,-0.597570002,-0.264510006,-0.323305714
4.01667,-0.351740003,-0.096490003,-0.380080014,-0.071110003,-0.357919991,-0.383359998,-0.292730004,-0.276204288
4.03333,-0.232130006,-0.168679997,-0.379209995,-0.05381,-0.461400002,-0.461750001,-0.271990001,-0.289852858
4.05,-0.374060005,0.420139998,-0.332459986,0.00948,-0.432889998,-0.404449999,-0.19754,-0.187397142
4.06667,-0.280750006,0.107960001,-0.251619995,0.053630002,-0.41268,-0.356940001,-0.081409998,-0.174544285
4.08333,-0.205530003,-0.040150002,-0.191530004,0.02303,-0.324090004,-0.424400002,-0.210580006,-0.196178574
4.1,-0.131779999,-0.130150005,-0.208330005,-0.085709997,-0.297780007,-0.505970001,-0.152099997,-0.215974287
4.11667,-0.165619999,-0.097989999,-0.213290006,-0.083920002,-0.30298999,-0.153659999,-0.103650004,-0.16016
4.13333,-0.167850003,-0.20758,-0.198770002,0.047189999,-0.256480008,-0.333999991,-0.165140003,-0.183232858
4.15,-0.196209997,-0.227709994,-0.206670001,0.159109995,-0.282110006,-0.601499975,-0.078610003,-0.204814283
4.16667,-0.247639999,-0.234850004,-0.083590001,0.11135,-0.231910005,-0.320230007,-0.035939999,-0.148972859
4.18333,-0.201210007,-0.201959997,-0.044130001,0.082309999,-0.226119995,-0.289920002,-0.099799998,-0.140118572
4.2,-0.220410004,-0.077,-0.035610002,-0.00862,-0.145630002,-0.359759986,-0.078929998,-0.132279999
4.21667,-0.278629988,-0.055769999,-0.143999994,-0.069580004,-0.075130001,-0.284889996,-0.0792,-0.141028569
4.23333,-0.213049993,-0.07886,-0.125919998,-0.182229996,-0.167060003,-0.167960003,-0.0964,-0.147354285
4.25,-0.280719995,-0.089950003,-0.274729997,-0.119269997,-0.080899999,-0.155399993,-0.114330001,-0.159328569
4.26667,-0.290369987,-0.094690003,-0.312849998,-0.042720001,-0.095349997,-0.214880005,-0.120229997,-0.16729857
4.28333,-0.255780011,-0.109609999,-0.67632997,-0.043669999,-0.088349998,-0.167659998,-0.196909994,-0.219758567
4.3,-0.324360013,-0.199410006,-0.834209979,-0.01236,-0.136790007,-0.153400004,-0.22992,-0.270064287
4.31667,-0.405800015,-0.316529989,-1.036440015,0.056480002,-0.168410003,-0.295450002,-0.225140005,-0.341612861
4.33333,-0.487129986,-0.477039993,-0.840309978,0.01239,-0.177790001,-0.26324001,-0.227909997,-0.351575709
4.35,-0.47183001,-0.406910002,-0.771950006,-0.033209998,-0.183479995,-0.350080013,-0.292710006,-0.358595719
4.36667,-0.476660013,-0.452380002,-0.756600022,-0.038389999,-0.335599989,-0.295619994,-0.275449991,-0.375814287
4.38333,-0.487870008,-0.516200006,-0.686190009,-0.03008,-0.378360003,-0.297490001,-0.306529999,-0.386102861
4.4,-0.54035002,-0.174500003,-0.694130003,-0.081359997,-0.445089996,-0.333990008,-0.326660007,-0.370868576
4.41667,-0.514919996,0.02086,-0.593420029,-0.144270003,-0.544770002,-0.358570009,-0.099310003,-0.319200006
4.43333,-0.49188,0.252840012,-0.623539984,-0.023539999,-0.574819982,-0.395590007,-0.470869988,-0.332485707
4.45,-0.490229994,0.268260002,-0.619759977,-0.132780001,-0.510460019,-0.405530006,-0.511669993,-0.343167141
4.46667,-0.381359994,0.130710006,-0.555029988,-0.214430004,-0.379830003,-0.497009993,-0.58592999,-0.354697138
4.48333,-0.389479995,0.174040005,-0.480870008,-0.174600005,-0.365779996,-0.903599977,-0.389010012,-0.36132857
4.5,-0.335599989,0.101499997,-0.399399996,-0.184499994,-0.374659985,-0.521309972,-0.315459996,-0.289918562
4.51667,-0.30182001,0.09499,-0.312720001,-0.458440006,-0.280990005,-0.680599988,-0.34314999,-0.326104285
4.53333,-0.280790001,0.00291,-0.160180002,-0.221330002,-0.221300006,-0.552850008,-0.371399999,-0.257848574
4.55,-0.274129987,-0.061519999,-0.13346,-0.470459998,-0.310030013,-0.718119979,-0.216700003,-0.312059997
4.56667,-0.225950003,-0.035289999,-0.140980005,-0.39903,-0.272879988,-0.661419988,-0.291700006,-0.289607141
4.58333,-0.212359995,0.05528,-0.09403,-0.354360014,-0.226879999,-0.776470006,-0.34145999,-0.278611429
4.6,-0.227689996,0.160290003,-0.103430003,-0.384799987,-0.233019993,-0.569010019,-0.403519988,-0.251597141
4.61667,-0.153280005,0.209629998,-0.172059998,-0.343349993,-0.212029994,-0.626380026,-0.309540004,-0.22957286
4.63333,-0.109229997,0.131860003,-0.162320003,-0.429809988,-0.220809996,-0.610140026,-0.276899993,-0.239621429
4.65,-0.130119994,0.027869999,-0.331050009,-0.240189999,-0.10328,-0.509459972,-0.253230006,-0.219922854
4.66667,-0.143580005,-0.092040002,-0.370900005,-0.137130007,-0.066,-0.464709997,-0.149240002,-0.203371431
4.68333,-0.108580001,-0.280209988,-0.443069994,-0.048930001,-0.093489997,-0.433899999,-0.249589995,-0.236824282
4.7,-0.163910002,-0.02785,-0.415659994,-0.01375,-0.090149999,-0.297509998,-0.210679993,-0.174215712
4.71667,-0.331140012,-0.027279999,-0.360399991,-0.079290003,-0.104149997,-0.340169996,-0.254260004,-0.213812857
4.73333,-0.270090014,-0.232390001,-0.512139976,0.016690001,-0.127250001,-0.338589996,-0.214670002,-0.239777141
4.75,-0.363020003,-0.332969993,-0.514670014,-0.02743,-0.1008,-0.237570003,-0.286339998,-0.266114287
4.76667,-0.252009988,-0.445140004,-0.540480018,-0.141639993,-0.145339996,-0.427639991,-0.393480003,-0.335104285
4.78333,-0.16663,-0.136089996,-0.568949997,-0.287349999,-0.170019999,-0.59059,-0.439619988,-0.337035711
4.8,-0.239789993,-0.189840004,-0.59799999,-0.383789986,-0.192499995,-0.569369972,-0.418729991,-0.370288561
4.81667,-0.197899997,-0.265540004,-0.679270029,-0.37549001,-0.239020005,-0.525470018,-0.368809998,-0.378785723
4.83333,-0.211070001,-0.225700006,-0.697910011,-0.575100005,-0.219860002,-0.51797998,-0.34830001,-0.399417145
4.85,-0.146730006,-0.200739995,-0.678550005,-0.494109988,-0.208240002,-0.594299972,-0.327499986,-0.378595708
4.86667,-0.153280005,-0.030060001,-0.684490025,-0.610689998,-0.189610004,-0.514549971,-0.239539996,-0.346031428
4.88333,-0.194749996,0.296550006,-0.585389972,-0.916010022,-0.242829993,-0.415430009,-0.178479999,-0.319477141
4.9,-0.200230002,0.24955,-0.533110023,-1.115200043,-0.214959994,-0.420769989,-0.123510003,-0.336890008
4.91667,-0.175689995,0.247089997,-0.31389001,-1.239549994,-0.208790004,-0.479689986,-0.127179995,-0.328242855
4.93333,-0.150189996,0.335570008,-0.161699995,-1.24059999,-0.207080007,-0.535679996,-0.178420007,-0.305442855
4.95,-0.11084,0.253829986,-0.206310004,-1.157119989,-0.186949998,-0.577950001,-0.262270004,-0.321087144
4.96667,-0.147860005,0.162359998,-0.148680001,-1.151960015,-0.283529997,-0.523649991,-0.233590007,-0.332415717
4.98333,-0.130850002,0.245370001,-0.02351,-1.050760031,-0.190699995,-0.591199994,-0.262479991,-0.286304287
5,-0.134509996,0.268709987,-0.170169994,-0.922959983,-0.247639999,-0.674619973,-0.320430011,-0.314517138
5.01667,-0.170169994,0.128839999,-0.151679993,-0.741450012,-0.327639997,-0.531939983,-0.307999998,-0.300291425
5.03333,-0.14531,0.254339993,-0.307150006,-0.830320001,-0.280019999,-0.621020019,-0.406179994,-0.333665718
5.05,-0.153950006,0.295529991,-0.330139995,-0.869340003,-0.319759995,-0.630599976,-0.48269999,-0.355851425
5.06667,-0.135969996,0.03799,-0.45025,-0.945479989,-0.342640013,-0.629599988,-0.549459994,-0.430772854
5.08333,-0.192090005,0.03043,-0.493449986,-1.046830058,-0.325450003,-0.595879972,-0.501850009,-0.446445719
5.1,-0.16189,-0.04944,-0.429839998,-1.183689952,-0.315200001,-0.595009983,-0.559019983,-0.470584274
5.11667,-0.14384,-0.100309998,-0.475039989,-1.164590001,-0.321260005,-0.612689972,-0.646780014,-0.494929997
5.13333,-0.173069999,-0.212160006,-0.459540009,-1.153100014,-0.339280009,-0.525940001,-0.583880007,-0.492424292
5.15,-0.160190001,-0.163420007,-0.414950013,-1.121289968,-0.338140011,-0.493550003,-0.670440018,-0.48028286
5.16667,-0.124470003,-0.198489994,-0.318720013,-1.045439959,-0.319599986,-0.473459989,-0.512809992,-0.427569991
5.18333,-0.110370003,-0.236579999,-0.380169988,-1.040740013,-0.268150002,-0.530700028,-0.431039989,-0.428250003
5.2,-0.054820001,-0.266200006,-0.144869998,-1.044289947,-0.258289993,-0.509649992,-0.460290015,-0.391201422
5.21667,-0.032419998,-0.26049,-0.177049994,-1.12105,-0.254200011,-0.467220008,-0.532350004,-0.406397145
5.23333,0.01465,-0.304850012,-0.0027,-1.104390025,-0.310009986,-0.446460009,-0.424459994,-0.368317147
5.25,0.049630001,-0.326310009,-0.048069999,-1.041749954,-0.430409998,-0.473120004,-0.55043,-0.402922852
5.26667,0.034759998,-0.286549985,0.038260002,-1.008679986,-0.390969992,-0.416159987,-0.406309992,-0.347949992
5.28333,0.027179999,0.081579998,0.00423,-0.947369993,-0.415520012,-0.390639991,-0.450870007,-0.298772858
5.3,-0.032680001,0.374460012,0.118189998,-1.03192997,-0.474940002,-0.416900009,-0.449820012,-0.273374283
5.31667,-0.051410001,0.220520005,0.050650001,-0.878480017,-0.517610013,-0.409200013,-0.516849995,-0.300340005
5.33333,-0.050099999,0.251439989,0.084789999,-0.876129985,-0.480720013,-0.397359997,-0.548640013,-0.28810286
5.35,-0.049479999,0.054129999,0.170190006,-0.769609988,-0.521889985,-0.358920008,-0.645529985,-0.303015708
5.36667,-0.089199997,0.04941,0.150849998,-0.617269993,-0.587090015,-0.352979988,-0.855120003,-0.328771428
5.38333,-0.116250001,-0.02967,0.205799997,-0.750209987,-0.518840015,-0.386550009,-0.895060003,-0.355825717
5.4,-0.175569996,-0.062639996,0.174129993,-0.898810029,-0.463719994,-0.652130008,-0.860080004,-0.419831433
5.41667,-0.172519997,-0.10661,0.215979993,-0.913550019,-0.360540003,-0.482329994,-0.792949975,-0.373217142
5.43333,-0.148780003,-0.054269999,0.260589987,-0.673099995,-0.295309991,-0.387569994,-0.692900002,-0.284477142
5.45,-0.190990001,-0.10424,0.068080001,-0.667599976,-0.242290005,-0.35800001,-0.575519979,-0.295794282
5.46667,-0.296790004,-0.185640007,0.256579995,-0.632879972,-0.10323,-0.356579989,-0.530789971,-0.264189993
5.48333,-0.304129988,-0.159390002,-0.038210001,-0.500859976,-0.00031,-0.825079978,-0.408219993,-0.319457134
5.5,-0.292860001,-0.191210002,0.201429993,-0.424719989,0.092639998,-1.229859948,-0.297520012,-0.30601428
5.51667,-0.294950008,-0.227070004,-0.01476,-0.487800002,0.220950007,-1.385089993,-0.285030007,-0.353392858
5.53333,-0.24808,-0.2465,0.040139999,-0.533460021,0.308880001,-1.43701005,-0.220119998,-0.333735724
5.55,-0.304540008,-0.216560006,0.00569,-0.523949981,0.351900011,-1.428060055,-0.122079998,-0.319657148
5.56667,-0.240449995,-0.457230002,-0.120509997,-0.529659986,0.463589996,-1.356739998,-0.105169997,-0.33516714
5.58333,-0.188529998,-0.427509993,-0.107359998,-0.616469979,0.324239999,-1.16576004,-0.10125,-0.32609143
5.6,-0.154919997,-0.50199002,-0.167300001,-0.707610011,0.574240029,-1.293290019,-0.040750001,-0.327374289
5.61667,-0.210240006,-0.318619996,-0.187329993,-0.740339994,0.397060007,-1.131520033,-0.106040001,-0.328147145
5.63333,-0.162159994,-0.256139994,-0.187529996,-0.739489973,0.552640021,-1.067759991,-0.28955999,-0.307142845
5.65,-0.188600004,-0.247020006,-0.215609998,-0.694469988,0.784969985,-0.91000998,-0.339940012,-0.258668572
5.66667,-0.265590012,-0.292010009,-0.194299996,-0.614009976,0.820900023,-0.757570028,-0.377029985,-0.239944283
5.68333,-0.266799986,-0.301380008,-0.191239998,-0.605180025,0.821510017,-0.685259998,-0.399919987,-0.232609998
5.7,-0.264340013,-0.271609992,-0.188649997,-0.547900021,0.878639996,-0.620220006,-0.53253001,-0.220944292
5.71667,-0.230509996,-0.262529999,-0.131870002,-0.486880004,0.922129989,-0.512470007,-0.427899987,-0.161432858
5.73333,-0.205899999,-0.2271,-0.114579998,-0.282770008,0.761650026,-0.443639994,-0.449750006,-0.137441425
5.75,-0.228,-0.244049996,-0.069159999,-0.209319994,0.762969971,-0.557730019,-0.44641,-0.141671434
5.76667,-0.257640004,-0.224189997,-0.079350002,-0.046720002,0.677730024,-0.489470005,-0.456530005,-0.125167142
5.78333,-0.209020004,-0.232020006,-0.103919998,-0.147019997,0.631749988,-0.644729972,-0.282680005,-0.141091428
5.8,-0.216089994,-0.186969995,-0.090209998,-0.159940004,0.414200008,-0.728420019,-0.23048,-0.17113
5.81667,-0.248549998,0.01024,-0.075209998,-0.162709996,0.351529986,-0.761200011,-0.166759998,-0.150380002
5.83333,-0.24774,0.105640002,0.031259999,-0.214190006,0.267150015,-0.870350003,-0.166830003,-0.156437143
5.85,-0.318619996,0.043960001,0.073069997,-0.312750012,-0.069689997,-0.978429973,-0.10447,-0.238132854
5.86667,-0.331910014,0.00722,0.130620003,-0.391409993,0.059610002,-0.933759987,-0.09691,-0.222362856
5.88333,-0.362190008,0.027170001,0.170369998,-0.449919999,-0.058010001,-0.881259978,-0.063699998,-0.231077141
5.9,-0.358520001,0.01058,0.190740004,-0.465719998,-0.198540002,-1.038859963,-0.168329999,-0.289807137
5.91667,-0.342519999,0.00978,0.164900005,-0.515030026,-0.324420005,-1.207980037,-0.200839996,-0.34515858
5.93333,-0.424019992,0.05934,0.13301,-0.44325,-0.237509996,-1.291010022,-0.227019995,-0.347208572
5.95,-0.516700029,0.02424,0.134639993,-0.431529999,-0.307209998,-1.371459961,-0.186079994,-0.379157141
5.96667,-0.51323998,0.084119998,0.155499995,-0.505680025,-0.269789994,-1.255620003,-0.105439998,-0.344307144
5.98333,-0.665180027,-0.10983,0.177259997,-0.430869997,-0.207790002,-1.288800001,-0.01444,-0.362807147
6,-0.344880015,-0.01908,0.205829993,-0.369940013,-0.08743,-1.284860015,-0.034019999,-0.276340007
6.01667,-0.397810012,-0.108750001,0.196769997,-0.355749995,-0.199980006,-1.341150045,0.00583,-0.314405723
6.03333,-0.401430011,-0.239289999,0.128240004,-0.384149998,-0.04329,-1.308899999,0.00561,-0.320458572
6.05,-0.436399996,-0.253529996,0.137040004,-0.474249989,-0.122819997,-1.119390011,-0.026070001,-0.327917141
6.06667,-0.275460005,-0.202590004,0.144280002,-0.504069984,-0.06645,-1.002009988,-0.01513,-0.274489997
6.08333,-0.293520004,-0.232480004,0.110550001,-0.524240017,-0.054880001,-0.874490023,0.00958,-0.265640007
6.1,-0.271270007,-0.244969994,0.128150001,-0.600709975,0.050250001,-0.869409978,0.055909999,-0.25029285
6.11667,-0.393810004,-0.196970001,0.056120001,-0.547969997,0.024049999,-0.892329991,0.090180002,-0.26581857
6.13333,-0.786140025,-0.18355,0.060400002,-0.519500017,0.102499999,-0.988179982,0.047040001,-0.323918575
6.15,-0.543929994,-0.064560004,0.055819999,-0.527170002,0.179580003,-0.914129972,-0.0069,-0.260184281
6.16667,-0.498679996,-0.05909,0.028039999,-0.563199997,0.277520001,-0.854969978,-0.00867,-0.239864282
6.18333,-1.050809979,-0.076549999,0.052379999,-0.509469986,0.222920001,-0.874329984,-0.038449999,-0.324901421
6.2,-0.959819973,-0.107879996,0.08055,-0.631780028,0.212950006,-0.788259983,-0.283769995,-0.354001424
6.21667,-0.918060005,-0.094959997,0.082050003,-0.596750021,0.164700001,-0.808749974,-0.432770014,-0.372077144
6.23333,-1.085010052,-0.170880005,0.086139999,-0.585370004,0.216969997,-0.733210027,-0.870100021,-0.448780016
6.25,-1.344149947,-0.196669996,0.126729995,-0.631200016,0.114840001,-0.722360015,-0.717589974,-0.481485707
6.26667,-1.276440024,-0.236579999,0.070110001,-0.635640025,0.052809998,-0.779460013,-0.929030001,-0.533461438
6.28333,-1.288540006,-0.327710003,0.104319997,-0.680100024,-0.143360004,-0.713050008,-1.352040052,-0.628640014
6.3,-1.254999995,-0.273440003,0.121550001,-0.654269993,-0.106420003,-0.770060003,-1.390920043,-0.61836572
6.31667,-1.202720046,-0.267809987,0.117090002,-0.741079986,-0.043570001,-0.847769976,-1.318699956,-0.614937136
6.33333,-1.182600021,-0.270249993,0.045060001,-0.624870002,-0.076789998,-1.023049951,-1.338780046,-0.638754287
6.35,-1.278820038,-0.257730007,0.032949999,-0.713490009,0.124459997,-1.052260041,-1.402770042,-0.649665735
6.36667,-1.304509997,-0.257209986,0.073820002,-0.727159977,0.173610002,-1.089020014,-1.149489999,-0.611422853
6.38333,-1.276250005,-0.272430003,-0.00302,-0.696470022,0.151150003,-1.094609976,-1.125030041,-0.61666572
6.4,-1.191619992,-0.206479996,0.008,-0.625999987,0.214929998,-1.250630021,-0.971170008,-0.574710001
6.41667,-1.105730057,-0.185460001,-0.08704,-0.497370005,0.162909999,-1.080469966,-0.771049976,-0.509172858
6.43333,-1.043720007,-0.112120003,-0.137989998,-0.476550013,0.156920001,-1.108579993,-0.571269989,-0.470472857
6.45,-1.119259953,-0.05477,-0.158690006,-0.510029972,0.083499998,-0.92325002,-0.317959994,-0.428637135
6.46667,-1.179720044,0.01094,-0.151280001,-0.597429991,0.02898,-0.850250006,-0.060899999,-0.399951434
6.48333,-1.188660026,-0.066289999,-0.236579999,-0.567019999,-0.199780002,-0.799610019,-0.018759999,-0.439528578
6.5,-1.143829942,-0.038789999,-0.220190004,-0.543359995,-0.159380004,-0.719529986,0.074689999,-0.392912847
6.51667,-1.128280044,-0.115440004,-0.149250001,-0.529389977,-0.178929999,-0.763180017,-0.0166,-0.411581435
6.53333,-1.168009996,-0.134990007,-0.209560007,-0.44777,-0.271939993,-0.624140024,-0.026289999,-0.411814289
6.55,-1.321959972,-0.18897,-0.149800003,-0.46886,-0.225840002,-0.617519975,-0.133949995,-0.44384285
6.56667,-1.308220029,-0.227699995,-0.147100002,-0.614769995,-0.242349997,-0.621800005,-0.092289999,-0.464890003
6.58333,-1.374639988,-0.380569994,-0.111089997,-0.527440012,-0.229599997,-0.644930005,-0.038350001,-0.472374285
6.6,-1.407789946,-0.246999994,-0.096869998,-0.592909992,-0.215810001,-0.712199986,-0.00938,-0.468851417
6.61667,-1.11480999,-0.368140012,-0.130349994,-0.664619982,-0.216539994,-0.574329972,-0.080899999,-0.449955706
6.63333,-1.043830037,-0.329389989,-0.119379997,-0.670430005,-0.06109,-0.656539977,0.0094,-0.410180001
6.65,-0.904959977,-0.184330001,-0.111819997,-0.72724998,-0.00265,-0.646780014,0.074529998,-0.357608567
6.66667,-0.859200001,-0.213949993,-0.119070001,-0.767750025,0.02657,-0.624870002,0.122429997,-0.347977147
6.68333,-0.816420019,-0.329950005,-0.232460007,-0.759190023,0.069930002,-0.675719976,0.184070006,-0.365677146
6.7,-0.776830018,-0.385930002,-0.33939001,-0.775129974,0.048590001,-0.636839986,0.152390003,-0.387591426
6.71667,-0.763379991,-0.310250014,-0.352450013,-0.815190017,0.027659999,-0.621330023,0.155450001,-0.382784294
6.73333,-0.64677,-0.272040009,-0.312079996,-0.726029992,0.093359999,-0.579079986,0.212310001,-0.318618569
6.75,-0.485980004,-0.208880007,-0.260360003,-0.755580008,0.087229997,-0.514360011,0.171039999,-0.280984291
6.76667,-0.607819974,-0.157330006,-0.153799996,-0.739260018,0.017139999,-0.43434,0.120439999,-0.279281428
6.78333,-0.584869981,-0.132300004,-0.070830002,-0.76809001,-0.02012,-0.339049995,0.123369999,-0.255984285
6.8,-0.581690013,-0.123240001,0.01467,-0.757579982,0.02777,-0.267769992,0.070600003,-0.231034284
6.81667,-0.496109992,-0.081440002,0.132609993,-0.765020013,0.04961,-0.240740001,0.01133,-0.198537145
6.83333,-0.508000016,-0.031339999,0.107340001,-0.797399998,0.046950001,-0.285239995,-0.01181,-0.211357144
6.85,-0.473129988,-0.056049999,0.132699996,-0.707000017,0.076909997,-0.295980006,-0.072910003,-0.199351432
6.86667,-0.462249994,-0.087240003,0.158800006,-0.734730005,0.01537,-0.303620011,-0.052170001,-0.209405715
6.88333,-0.458050013,-0.100900002,0.120480001,-0.809899986,0.115549996,-0.334069997,-0.081900001,-0.221255714
6.9,-0.386110008,-0.060070001,0.159869999,-0.710770011,0.068980001,-0.339170009,-0.125729993,-0.199000003
6.91667,-0.439370006,-0.051600002,0.202069998,-0.708769977,0.02816,-0.262899995,-0.233940005,-0.20947857
6.93333,-0.380919993,-0.073069997,0.145410001,-0.637350023,0.022609999,-0.190809995,-0.25060001,-0.194961431
6.95,-0.390159994,-0.079599999,0.143690005,-0.741129994,0.00266,-0.170550004,-0.296739995,-0.218832855
6.96667,-0.385560006,-0.08027,0.175589994,-0.73101002,-0.088699996,-0.148379996,-0.302969992,-0.22304286
6.98333,-0.409999996,-0.034839999,0.199399993,-0.687889993,-0.188869998,-0.130659997,-0.328860015,-0.225960001
7,-0.404430002,-0.167679995,0.228719994,-0.569580019,-0.274809986,-0.03796,-0.243630007,-0.209910002
7.01667,-0.400750011,-0.200460002,0.245169997,-0.550769985,-0.335260004,0.065909997,-0.288690001,-0.209264287
7.03333,-0.372000009,-0.130999997,0.221959993,-0.507560015,-0.296149999,0.247130007,-0.253060013,-0.155811433
7.05,-0.350030005,0.00593,0.229729995,-0.422960013,-0.364989996,0.135969996,-0.291949987,-0.151185716
7.06667,-0.375270009,-0.125369996,0.229289994,-0.331099987,-0.390920013,0.086829998,-0.404159993,-0.187242858
7.08333,-0.373699993,0.00313,0.19483,-0.269419998,-0.488020003,0.184530005,-0.325789988,-0.153491425
7.1,-0.316509992,-0.110270001,0.199430004,-0.30862999,-0.53302002,0.164169997,-0.229010001,-0.161977143
7.11667,-0.319400012,-0.308169991,0.256760001,-0.281309992,-0.489609987,0.117059998,-0.371780008,-0.199492856
7.13333,-0.358020008,-0.211510003,0.15151,-0.296770006,-0.468340009,0.133190006,-0.283939987,-0.190554287
7.15,-0.299780011,-0.315210015,0.147129998,-0.324200004,-0.512470007,-0.026760001,-0.327560008,-0.236978578
7.16667,-0.361039996,-0.310589999,0.108259998,-0.377920002,-0.586030006,-0.072120003,-0.283769995,-0.26903
7.18333,-0.411229998,-0.267500013,0.089649998,-0.360700011,-0.565500021,-0.125990003,-0.31487,-0.279448578
7.2,-0.412180007,-0.192460001,0.045279998,-0.463319987,-0.546400011,-0.278869987,-0.260659993,-0.301229998
7.21667,-0.430240005,-0.225830004,-0.00624,-0.557089984,-0.514800012,-0.33465001,-0.289020002,-0.336838574
7.23333,-0.523370028,-0.294820011,-0.01417,-0.68712002,-0.520229995,-0.376080006,-0.341329992,-0.393874293
7.25,-0.506889999,-0.325489998,-0.036249999,-0.722479999,-0.528289974,-0.392390013,-0.471540004,-0.426189998
7.26667,-0.43362999,-0.282579988,-0.05023,-0.698140025,-0.419990003,-0.419030011,-0.457630008,-0.394461432
7.28333,-0.465319991,-0.297529995,-0.02747,-0.681389987,-0.462630004,-0.514670014,-0.453139991,-0.414592855
7.3,-0.552489996,-0.276459992,-0.06763,-0.804180026,-0.448399991,-0.53302002,-0.504610002,-0.455255718
7.31667,-0.545170009,-0.240620002,-0.107799999,-0.799929976,-0.434980005,-0.564469993,-0.487859994,-0.454404283
7.33333,-0.547219992,-0.146139994,-0.130730003,-0.748730004,-0.534189999,-0.479030013,-0.502600014,-0.441234288
7.35,-0.540470004,-0.130290002,-0.211300001,-0.622470021,-0.490770012,-0.494089991,-0.521000028,-0.430055723
7.36667,-0.589190006,-0.070579998,-0.242990002,-0.633560002,-0.35334,-0.46845001,-0.517660022,-0.410824291
7.38333,-0.568700016,0.00465,-0.303629994,-0.693780005,-0.406980008,-0.517210007,-0.466540009,-0.421741434
7.4,-0.523980021,0.09606,-0.319680005,-0.683099985,-0.351520002,-0.512839973,-0.465930015,-0.394427143
7.41667,-0.54569,0.165040001,-0.331589997,-0.675260007,-0.327060014,-0.507130027,-0.42809999,-0.378541433
7.43333,-0.478549987,0.165769994,-0.34751001,-0.636910021,-0.274890006,-0.483850002,-0.462639987,-0.359797146
7.45,-0.363660008,0.194930002,-0.37244001,-0.563989997,-0.35868001,-0.486519992,-0.404689997,-0.336435716
7.46667,-0.402889997,0.145319998,-0.505559981,-0.527649999,-0.439069986,-0.473930001,-0.381599993,-0.369339994
7.48333,-0.382840008,0.05401,-0.486990005,-0.448339999,-0.418060005,-0.408719987,-0.309700012,-0.342948574
7.5,-0.38132,0.06938,-0.411570013,-0.504970014,-0.442490011,-0.59246999,-0.317990005,-0.368775719
7.51667,-0.29666999,0.037599999,-0.403600007,-0.489069998,-0.503340006,-0.63793999,-0.39489001,-0.383987143
7.53333,-0.303000003,-0.01516,-0.346289992,-0.440319985,-0.436670005,-0.749249995,-0.532649994,-0.403334282
7.55,-0.296299994,-0.02397,-0.236049995,-0.41565001,-0.391589999,-0.734440029,-0.624350011,-0.388907148
7.56667,-0.316379994,-0.054450002,-0.187999994,-0.439069986,-0.313679993,-0.822830021,-0.56923002,-0.386234287
7.58333,-0.353210002,-0.090860002,-0.172480002,-0.328869998,-0.268979996,-0.994329989,-0.546450019,-0.393597144
7.6,-0.376670003,-0.139449999,-0.12906,-0.261260003,-0.215790004,-0.856840014,-0.438859999,-0.345418575
7.61667,-0.354279995,-0.142470002,-0.089489996,-0.265190005,-0.235210001,-0.836449981,-0.353280008,-0.325195713
7.63333,-0.178379998,-0.145669997,-0.115929998,-0.308670014,-0.26236999,-1.016589999,-0.369419992,-0.342432855
7.65,-0.193780005,-0.140440002,-0.148849994,-0.265659988,-0.283659995,-0.988300025,-0.361449987,-0.340305714
7.66667,-0.247639999,-0.140599996,-0.158930004,-0.16144,-0.303140014,-0.72062999,-0.360549986,-0.298989998
7.68333,-0.347240001,-0.062569998,-0.139379993,-0.087700002,-0.264809996,-0.814069986,-0.345290005,-0.29443714
7.7,-0.414519995,-0.034899998,-0.172849998,-0.061360002,-0.298350006,-0.679520011,-0.22123,-0.26896143
7.71667,-0.353049994,0.046980001,-0.166749999,-0.120580003,-0.330779999,-0.611060023,-0.122160003,-0.236771431
7.73333,-0.299910009,0.089270003,-0.205699995,-0.103330001,-0.353509992,-0.699299991,-0.227880001,-0.257194284
7.75,-0.339940012,0.120420001,-0.157690004,-0.151329994,-0.409909993,-0.80438,-0.348989993,-0.298831428
7.76667,-0.242310002,0.150110006,-0.213880002,-0.12252,-0.440820009,-0.796060026,-0.339859992,-0.286477146
7.78333,-0.25029999,0.070090003,-0.265289992,-0.145199999,-0.476639986,-0.897689998,-0.224110007,-0.312734281
7.8,-0.143849999,0.0792,-0.193959996,-0.077260002,-0.458110005,-0.967499971,-0.186279997,-0.278251424
7.81667,-0.217109993,0.150409997,-0.234459996,-0.065750003,-0.515670002,-0.917760015,-0.188999996,-0.28419143
7.83333,-0.444310009,0.072530001,-0.197899997,-0.090719998,-0.470849991,-0.670849979,-0.194690004,-0.285255711
7.85,-0.512570024,-0.04476,-0.162359998,-0.095140003,-0.534039974,-0.675870001,-0.199739993,-0.317782856
7.86667,-0.471219987,-0.084229998,-0.102009997,-0.083659999,-0.489100009,-0.607969999,-0.109820001,-0.278287141
7.88333,-0.376850009,-0.066359997,-0.052140001,-0.035119999,-0.49417001,-0.678149998,-0.122680001,-0.260781431
7.9,-0.453999996,-0.145520002,-0.00041,-0.039779998,-0.534680009,-0.556949973,-0.302619994,-0.29056571
7.91667,-0.378490001,-0.142289996,-0.00339,-0.02997,-0.571210027,-0.62184,-0.280600011,-0.289684291
7.93333,-0.408140004,-0.097649999,0.057149999,-0.00838,-0.499130011,-0.566380024,-0.407489985,-0.275717146
7.95,-0.553420007,-0.141100004,0.07869,0.00358,-0.51323998,-0.641330004,-0.275449991,-0.291752855
7.96667,-0.552579999,-0.197459996,0.112719998,-0.01241,-0.552049994,-0.639800012,-0.255730003,-0.299615715
7.98333,-0.567489982,-0.093529999,0.024350001,-0.02135,-0.611289978,-0.610909998,-0.165319994,-0.292219993
8,-0.480369985,0.02902,0.02258,-0.04972,-0.543500006,-0.53877002,-0.03503,-0.227970002
8.01667,-0.503530025,0.065169998,0.092929997,-0.08044,-0.598730028,-0.98281002,-0.02799,-0.29077144
8.03333,-0.459089994,0.119340003,0.097860001,-0.114069998,-0.58859998,-0.485639989,-0.01348,-0.206239994
8.05,-0.514010012,0.095190004,0.09832,-0.091920003,-0.696460009,-0.50158,0.02764,-0.226117146
8.06667,-0.569630027,0.070579998,0.14294,-0.163039997,-0.59898001,-0.772059977,-0.081359997,-0.281650001
8.08333,-0.573230028,0.127039999,0.105590001,-0.176369995,-0.58653003,-0.522539973,-0.133269995,-0.251330003
8.1,-0.565859973,-0.1021,0.146950006,-0.139799997,-0.618950009,-0.718200028,-0.180329993,-0.311184285
8.11667,-0.618369997,-0.235239998,0.279819995,-0.129570007,-0.570800006,-0.784640014,-0.195879996,-0.322097146
8.13333,-0.600099981,-0.133440003,0.292459995,-0.12263,-0.625609994,-0.729939997,-0.224989995,-0.306321425
8.15,-0.587310016,-0.26433,0.304890007,-0.138940006,-0.62094003,-0.78204,-0.183579996,-0.324607149
8.16667,-0.673940003,-0.314669997,0.409740001,-0.150680006,-0.675599992,-0.796329975,-0.168160006,-0.338519997
8.18333,-0.599489987,-0.258370012,0.429120004,-0.123190001,-0.66753,-0.861490011,-0.168950006,-0.321414288
8.2,-0.676949978,-0.219459996,0.417400002,-0.122510001,-0.769540012,-0.801370025,-0.125320002,-0.328250002
8.21667,-0.58871001,-0.174239993,0.435710013,-0.127230003,-0.76801002,-0.702480018,-0.083959997,-0.286988576
8.23333,-0.579209983,-0.069839999,0.403979987,-0.176469997,-0.768760026,-0.807630002,-0.052420001,-0.292907146
8.25,-0.597649992,-0.192430004,0.403210014,-0.145119995,-0.790880024,-0.744939983,0.061969999,-0.286548569
8.26667,-0.551010013,-0.187120005,0.400290012,-0.181099996,-0.745320022,-0.67802,0.156660005,-0.255088574
8.28333,-0.470999986,-0.116829999,0.375140011,-0.241569996,-0.732200027,-0.777549982,0.298979998,-0.237861426
8.3,-0.480729997,-0.119520001,0.331880003,-0.303840011,-0.655170023,-0.691649973,0.256199986,-0.237547145
8.31667,-0.329369992,-0.066930003,0.341479987,-0.310479999,-0.620840013,-0.629729986,0.252039999,-0.194832858
8.33333,-0.257230014,-0.037239999,0.326550007,-0.351790011,-0.601149976,-0.660579979,0.259680003,-0.188822853
8.35,-0.25711,0.040580001,0.271750003,-0.362269998,-0.603219986,-0.616469979,0.266270012,-0.180067135
8.36667,-0.183789998,0.10588,0.291299999,-0.445950001,-0.635619998,-0.636529982,0.182370007,-0.188905711
8.38333,-0.150130004,0.175040007,0.260850012,-0.548829973,-0.589269996,-0.601740003,0.134279996,-0.188542851
8.4,-0.055569999,0.164379999,0.238049999,-0.579710007,-0.682860017,-0.483929992,0.111129999,-0.18407286
8.41667,-0.103589997,0.154489994,0.187539995,-0.570179999,-0.758830011,-0.483229995,0.048920002,-0.217840002
8.43333,-0.103560001,0.093050003,0.159700006,-0.619530022,-0.754930019,-0.509920001,0.064110003,-0.238725719
8.45,-0.076250002,0.069799997,0.123810001,-0.635999978,-0.891340017,-0.410970002,0.109800003,-0.24445
8.46667,-0.090659998,0.041159999,0.058589999,-0.670580029,-0.922879994,-0.466989994,0.11998,-0.275911431
8.48333,-0.155239999,0.051150002,0.054749999,-0.631640017,-0.789889991,-0.489529997,0.140410006,-0.259998571
8.5,-0.077349998,0.046720002,0.02194,-0.668240011,-0.832099974,-0.456900001,0.195010006,-0.252988568
8.51667,-0.120279998,0.068779998,0.033059999,-0.672900021,-0.79102999,-0.44185999,0.38003999,-0.220598573
8.53333,-0.093979999,0.057670001,0.00077,-0.625140011,-0.814809978,-0.389640003,0.310770005,-0.222051427
8.55,-0.111819997,0.097149998,0.01901,-0.567550004,-0.741450012,-0.419690013,0.181899995,-0.220350005
8.56667,-0.138009995,0.102420002,0.0198,-0.432110012,-0.715409994,-0.419270009,-0.382809997,-0.280770001
8.58333,-0.067780003,0.103129998,0.031860001,-0.427080005,-0.747240007,-0.44343999,-0.442550004,-0.284728573
8.6,-0.125990003,0.090949997,0.03771,-0.362170011,-0.689890027,-0.440569997,-0.521139979,-0.287300003
8.61667,-0.114160001,0.067709997,0.042649999,-0.295630008,-0.651239991,-0.448949993,-0.517499983,-0.273874283
8.63333,-0.01507,0.041170001,0.055599999,-0.252009988,-0.680000007,-0.553960025,-0.457230002,-0.265928575
8.65,-0.04831,0.090599999,0.01123,-0.25948,-0.68927002,-0.493209988,-0.371170014,-0.25137286
8.66667,-0.030820001,0.136419997,0.022159999,-0.204209998,-0.603540003,-0.590080023,-0.260560006,-0.218661434
8.68333,-0.07773,0.152339995,0.01157,-0.135710001,-0.629580021,-0.556309998,-0.209560007,-0.206425719
8.7,-0.045650002,0.219760001,-0.00502,-0.086669996,-0.76207,-0.49011001,-0.09956,-0.18133143
8.71667,-0.01945,0.21717,0.045260001,-0.048920002,-0.774869978,-0.46735999,-0.059349999,-0.158217138
8.73333,-0.045899998,0.190019995,0.00165,-0.02664,-0.804149985,-0.489710003,-0.047680002,-0.174629999
8.75,0.00803,0.207990006,-0.05559,-0.02155,-0.825640023,-0.471540004,-0.06067,-0.174138574
8.76667,-0.0528,0.052480001,-0.058490001,0.076629996,-0.872039974,-0.44896999,-0.146620005,-0.20711571
8.78333,-0.00881,0.038449999,-0.05294,0.125540003,-0.819869995,-0.284630001,0.00151,-0.142964285
8.8,-0.064149998,0.00603,-0.085430004,0.140310004,-0.706149995,-0.103579998,0.033100002,-0.111409998
8.81667,0.029479999,0.115950003,-0.10266,0.088969998,-0.669179976,-0.075029999,0.229849994,-0.054659997
8.83333,-0.02098,0.057709999,-0.125970006,0.204750001,-0.719009995,0.136790007,0.188219994,-0.039784286
8.85,-0.00213,0.045559999,-0.113820001,0.252270013,-0.808539987,0.189649999,0.153410003,-0.040514282
8.86667,-0.01555,0.09787,-0.131809995,0.277159989,-0.671660006,0.274589986,0.173470005,0.000581426
8.88333,0.01832,0.116800003,-0.126220003,0.28422001,-0.75029999,0.240850002,0.125009999,-0.013045711
8.9,0.05164,0.094590001,-0.172490001,0.190339997,-0.576479971,0.317580014,0.067369998,-0.003921423
8.91667,0.087190002,0.118419997,-0.132679999,0.24921,-0.569509983,0.259209991,-0.065729998,-0.00769857
8.93333,0.123520002,0.01419,-0.201450005,0.158810005,-0.441890001,0.184699997,-0.04064,-0.028965715
8.95,0.132410005,0.025939999,-0.152799994,0.245189995,-0.281210005,0.085539997,-0.068089999,-0.00186
8.96667,0.09804,-0.035969999,-0.114519998,0.138239995,-0.248329997,0.123489998,-0.098690003,-0.019677144
8.98333,0.150810003,0.00131,-0.13109,0.163249999,-0.156719998,0.056529999,-0.0581,0.003712858
9,0.203820005,0.017340001,-0.101190001,0.240290001,-0.095739998,0.174779996,-0.153760001,0.040791429
9.01667,0.122840002,0.083010003,-0.093089998,0.273889989,-0.081689999,0.100589998,-0.294779986,0.015824287
9.03333,0.137030005,0.056779999,-0.097510003,0.236029997,-0.034340002,0.042380001,-0.295859993,0.006358572
9.05,0.141149998,0.02847,-0.126969993,0.154339999,0.00246,0.105499998,-0.264239997,0.005815715
9.06667,0.134460002,0.02036,-0.085069999,0.186440006,-0.02812,0.146009997,-0.378919989,-0.000691426
9.08333,0.094719999,0.035319999,-0.128869995,0.190500006,-0.05181,0.116319999,-0.354600012,-0.014060001
9.1,0.109499998,-0.01502,-0.172169998,0.157159999,-0.037670001,0.124430001,-0.33495,-0.024102857
9.11667,0.089720003,-0.01922,-0.160840005,0.125770003,-0.01259,0.154100001,-0.294050008,-0.016730001
9.13333,0.01452,0.066930003,-0.162349999,0.077830002,-0.02227,0.192019999,-0.313349992,-0.020952855
9.15,0.071709998,0.027349999,-0.124530002,0.172049999,-0.04036,0.270099998,-0.225409999,0.02155857
9.16667,-0.04157,0.04716,-0.104249999,0.230460003,0.050450001,0.218030006,-0.260949999,0.019904287
9.18333,0.00461,0.102289997,-0.160799995,0.217570007,0.058759999,0.212439999,-0.212779999,0.031727144
9.2,0.00187,0.07683,-0.212329999,0.285380006,0.093730003,0.120329998,-0.148890004,0.030988572
9.21667,-9.00E-05,0.051970001,-0.185190007,0.347900003,0.034600001,0.192430004,0.01408,0.0651
9.23333,0.049040001,0.077249996,-0.149719998,0.359519988,0.057080001,0.13865,0.03988,0.081671427
9.25,0.104000002,0.116049998,-0.130019993,0.419589996,0.084980004,0.250440001,0.061220001,0.129465716
9.26667,0.086379997,0.080360003,-0.11857,0.405550003,0.08004,-0.0085,0.064240001,0.084214286
9.28333,0.06058,0.081100002,-0.165179998,0.454230011,0.026550001,0.202999994,0.083520003,0.106257145
9.3,0.12071,0.06177,-0.129040003,0.603799999,0.024119999,0.153659999,-0.047789998,0.112461428
9.31667,0.084789999,0.063479997,-0.182620004,0.735400021,-0.04628,0.147819996,-0.073059998,0.104218573
9.33333,0.049550001,0.01503,-0.099569999,0.690090001,-0.043869998,0.252689987,-0.00503,0.12269857
9.35,0.116570003,0.082220003,-0.122960001,0.738460004,-0.090709999,0.151879996,0.100400001,0.139408572
9.36667,0.112219997,0.147459999,-0.080430001,0.739880025,-0.078139998,0.220540002,0.038199998,0.157104289
9.38333,0.162709996,0.164059997,-0.078319997,0.799679995,-0.069420002,0.202959999,-0.182359993,0.142758571
9.4,0.090300001,0.163100004,-0.03531,0.938199997,0.00091,0.217549995,-0.00123,0.196217142
9.41667,0.097669996,0.106579997,0.039900001,0.88124001,0.075910002,0.346599996,-0.147,0.200128572
9.43333,0.070610002,0.02306,-0.028240001,0.936969995,0.068510003,0.287360013,-0.166669995,0.170228574
9.45,0.158930004,0.059080001,-0.02251,0.949620008,0.068089999,0.185790002,-0.207399994,0.170228574
9.46667,0.152020007,0.03946,0.021810001,0.859610021,0.116640002,0.186100006,-0.202370003,0.167610005
9.48333,0.28283,0.064630002,-0.04245,0.926490009,0.122830003,0.253749996,-0.174140006,0.204848572
9.5,0.322679996,0.062789999,0.03283,1.030449986,0.122979999,0.29727,-0.134120002,0.247839997
9.51667,0.331389993,0.03624,0.107150003,0.976409972,0.162579998,0.444940001,-0.065509997,0.284742853
9.53333,0.346069992,0.021579999,0.135230005,1.088479996,0.165179998,0.476209998,-0.00465,0.318299998
9.55,0.379759997,0.068709999,0.186430007,1.024989963,0.206699997,0.536539972,-0.01856,0.340652848
9.56667,0.306300014,0.096780002,0.210099995,1.029029965,0.213789999,0.525960028,0.128059998,0.358574286
9.58333,0.30035001,0.080059998,0.169210002,1.014760017,0.2086,0.521409988,0.20589,0.357182859
9.6,0.262760013,0.074000001,0.237159997,1.097710013,0.274060011,0.567619979,0.147860005,0.380167146
9.61667,0.245250002,0.079879999,0.226779997,1.221899986,0.317319989,0.613489985,0.225390002,0.418572852
9.63333,0.186230004,0.06143,0.30983001,1.111789942,0.395819992,0.655139983,0.253659993,0.424842846
9.65,0.154129997,0.117129996,0.386290014,1.194399953,0.426719993,0.699280024,0.149210006,0.44673714
9.66667,0.184589997,0.151339993,0.434159994,1.221140027,0.415479988,0.766709983,0.127240002,0.471522855
9.68333,0.203740001,0.152689993,0.474079996,1.263739944,0.417600006,0.811540008,0.344390005,0.523968565
9.7,0.209529996,0.166720003,0.475400001,1.222429991,0.44837001,0.80005002,0.314550012,0.519578576
9.71667,0.201220006,0.171360001,0.469680011,1.255579948,0.437570006,0.855669975,0.254709989,0.520827134
9.73333,0.13256,0.125400007,0.441599995,1.275879979,0.479440004,0.865260005,0.251040012,0.510168572
9.75,0.033009999,0.176070005,0.388559997,1.211840034,0.507369995,0.77117002,0.418069988,0.500870005
9.76667,-0.01011,0.180099994,0.364140004,1.177790046,0.486189991,0.767759979,0.433299989,0.485595715
9.78333,-0.0134,0.216179997,0.398250014,1.236070037,0.525669992,0.774110019,0.455650002,0.51321858
9.8,0.034400001,0.286870003,0.389470011,1.166540027,0.53441,0.737969995,0.480569988,0.518604289
9.81667,0.075460002,0.248050004,0.348369986,1.203989983,0.546829998,0.750310004,0.519129992,0.527448567
9.83333,0.101190001,0.265579998,0.392589986,1.229460001,0.581170022,0.783869982,0.61826998,0.567447139
9.85,0.146109998,0.288830012,0.375730008,1.166679978,0.65072,0.751510024,0.598919988,0.568357144
9.86667,0.14429,0.263880014,0.427390009,1.233450055,0.672020018,0.858290017,0.573210001,0.596075731
9.88333,0.11434,0.332430005,0.369809985,1.252679944,0.670440018,0.842069983,0.505119979,0.583841416
9.9,0.120119996,0.330199987,0.371140003,1.272600055,0.699020028,0.790120006,0.559780002,0.591854297
9.91667,0.162709996,0.287669986,0.342449993,1.286389947,0.746119976,0.733990014,0.610339999,0.59566713
9.93333,0.197319999,0.272859991,0.319750011,1.280809999,0.762290001,0.740320027,0.481830001,0.579311433
9.95,0.173490003,0.208140001,0.304360002,1.353559971,0.762220025,0.709119976,0.639419973,0.592901421
9.96667,0.183190003,0.095279999,0.249500006,1.248399973,0.773750007,0.645619988,0.552699983,0.535491423
9.98333,0.155660003,0.133440003,0.248860002,1.271980047,0.872420013,0.609420002,0.547330022,0.548444299
10,0.097390004,0.099930003,0.246099994,1.236789942,0.849359989,0.602050006,0.587939978,0.531365702
10.01667,0.09262,0.128220007,0.199540004,1.218999982,0.748510003,0.539160013,0.633369982,0.508631427
10.03333,0.04298,0.107199997,0.296889991,1.216580033,0.728439987,0.520120025,0.65733999,0.509935717
10.05,-0.04403,0.155080006,0.295320004,1.191460013,0.737330019,0.594139993,0.589529991,0.502690004
10.06667,0.106119998,0.221929997,0.304540008,1.098060012,0.763010025,0.618189991,0.534560025,0.520915722
10.08333,0.087370001,0.188380003,0.369410008,1.096770048,0.700200021,0.686349988,0.537310004,0.523684296
10.1,0.156130001,0.122539997,0.301919997,1.029729962,0.755540013,0.682229996,0.698729992,0.535259994
10.11667,0.124540001,0.187419996,0.249459997,1.079650044,0.617439985,0.776489973,0.686580002,0.531654286
10.13333,0.091119997,0.125709996,0.299670011,1.085090041,0.585169971,0.853969991,0.734499991,0.539318571
10.15,0.18795,0.225600004,0.223010004,1.009920001,0.635200024,0.934010029,0.795480013,0.573024296
10.16667,0.229760006,0.239390001,0.297910005,0.95381999,0.650189996,0.953649998,0.936590016,0.608758573
10.18333,0.186839998,0.39399001,0.301660001,0.965740025,0.588840008,0.939719975,1.070559978,0.635335714
10.2,0.182070002,0.44799,0.283740014,0.847389996,0.638339996,0.986819983,1.064839959,0.635884279
10.21667,0.17554,0.460729986,0.428189993,0.839129984,0.660170019,0.878899992,1.085049987,0.646815709
10.23333,0.257770002,0.478489995,0.534300029,0.816049993,0.672230005,0.893000007,1.079190016,0.675861435
10.25,0.298370004,0.445329994,0.493299991,0.76098001,0.653590024,0.900600016,0.974479973,0.646664287
10.26667,0.237120003,0.482459992,0.520619988,0.744809985,0.692219973,1.008229971,0.799510002,0.640709988
10.28333,0.254619986,0.395610005,0.586170018,0.713389993,0.735319972,0.986029983,0.699060023,0.624314283
10.3,0.213520005,0.373780012,0.615040004,0.732850015,0.787460029,0.897379994,0.667990029,0.612574298
10.31667,0.255670011,0.351980001,0.55418998,0.753400028,0.782540023,0.920449972,0.431490004,0.578531431
10.33333,0.253609985,0.378320009,0.621439993,0.716199994,0.866039991,0.868920028,0.581340015,0.612267145
10.35,0.309069991,0.487769991,0.546980023,0.73417002,0.891900003,0.857749999,0.87142998,0.671295715
10.36667,0.362459987,0.578079998,0.462989986,0.769370019,0.910960019,0.864880025,0.89181,0.691507148
10.38333,0.418870002,0.533760011,0.517470002,0.732840002,0.943679988,0.811160028,0.775789976,0.676224287
10.4,0.41782999,0.561249971,0.523760021,0.725889981,1.034909964,0.854860008,0.597419977,0.673702845
10.41667,0.456099987,0.555180013,0.460489988,0.779919982,0.975769997,0.864589989,0.617529988,0.672797135
10.43333,0.504639983,0.548780024,0.545639992,0.754419982,0.981850028,0.841409981,0.673529983,0.69289571
10.45,0.480859995,0.453449994,0.557739973,0.764859974,1.065529943,0.946399987,0.794250011,0.723298554
10.46667,0.535139978,0.61413002,0.636479974,0.723810017,1.09078002,0.96272999,0.782369971,0.763634281
10.48333,0.501349986,0.530369997,0.627839983,0.750220001,0.979499996,0.994120002,0.806299984,0.741385707
10.5,0.517830014,0.682359993,0.651030004,0.791809976,0.951250017,1.03726995,0.765410006,0.77099428
10.51667,0.507749975,0.649460018,0.725459993,0.77816999,0.913070023,1.056839943,0.792770028,0.774788567
10.53333,0.511680007,0.57119,0.719280005,0.791270018,0.854359984,1.079589963,0.965820014,0.784741427
10.55,0.503120005,0.616429985,0.812349975,0.821139991,0.812349975,1.059329987,0.92809999,0.793259987
10.56667,0.48646,0.648029983,0.753189981,0.827400029,0.769320011,1.079450011,0.894089997,0.779705716
10.58333,0.588329971,0.630050004,0.680029988,0.853919983,0.66128999,1.087059975,0.923579991,0.774894272
10.6,0.485940009,0.687849998,0.683920026,0.853429973,0.663349986,1.107089996,0.913079977,0.770665709
10.61667,0.552259982,0.859939992,0.603690028,0.898289979,0.69194001,1.133399963,0.912259996,0.807397136
10.63333,0.44163999,0.79648,0.590439975,0.925029993,0.679040015,1.092010021,0.862420022,0.769580002
10.65,0.465680003,0.689719975,0.691879988,0.939580023,0.628740013,1.098240018,0.947220027,0.780151435
10.66667,0.435460001,0.72280997,0.731710017,0.972299993,0.588060021,1.099539995,0.90854001,0.779774287
10.68333,0.530239999,0.639230013,0.691890001,0.906319976,0.566950023,1.050119996,0.550679982,0.705061427
10.7,0.520690024,0.736989975,0.760410011,0.802330017,0.548629999,0.990580022,0.585510015,0.706448581
10.71667,0.548680007,0.716729999,0.740649998,0.797299981,0.505010009,0.987119973,0.627919972,0.703344277
10.73333,0.536920011,0.688489974,0.725199997,0.695569992,0.508750021,0.914719999,0.621609986,0.670179997
10.75,0.526849985,0.730400026,0.674470007,0.693570018,0.524230003,0.967400014,0.353119999,0.63857715
10.76667,0.557900012,0.719990015,0.620400012,0.725880027,0.546750009,0.954460025,0.460429996,0.655115728
10.78333,0.534449995,0.625079989,0.650240004,0.742510021,0.529089987,0.841099977,0.572300017,0.642109999
10.8,0.547640026,0.713980019,0.698559999,0.626320004,0.621469975,0.931519985,0.36965999,0.644164285
10.81667,0.523800015,0.672219992,0.608860016,0.626129985,0.583649993,0.993200004,0.407160014,0.630717146
10.83333,0.532410026,0.43039,0.630819976,0.626820028,0.447409987,0.952459991,0.410879999,0.575884287
10.85,0.484739989,0.615989983,0.682810009,0.677969992,0.482410014,0.832790017,0.441300005,0.602572858
10.86667,0.490139991,0.660409987,0.711239994,0.671829998,0.509649992,0.812619984,0.468980014,0.617838566
10.88333,0.492949992,0.683019996,0.71311003,0.58130002,0.580340028,0.774569988,0.544879973,0.624310004
10.9,0.426999986,0.680100024,0.801280022,0.631739974,0.647539973,0.731549978,0.523069978,0.634611419
10.91667,0.435629994,0.596899986,0.832000017,0.622799993,0.563750029,0.674849987,0.501429975,0.603908569
10.93333,0.513670027,0.584800005,0.961549997,0.591180027,0.448460013,0.635049999,0.367280006,0.585998582
10.95,0.520340025,0.746290028,1.052019954,0.640959978,0.421539992,0.623210013,0.376740009,0.625871428
10.96667,0.508809984,0.503989995,1.210749984,0.677389979,0.447820008,0.560989976,0.491470009,0.628745705
10.98333,0.471190006,0.643549979,1.305250049,0.62094003,0.621619999,0.519309998,0.565330029,0.678170013
11,0.556450009,0.622940004,1.323860049,0.628719985,0.702790022,0.519039989,0.485439986,0.691320006
11.01667,0.660660028,0.614289999,1.362640023,0.612559974,0.428039998,0.417939991,0.430590004,0.646674288
11.03333,0.668240011,0.637669981,1.297809958,0.612119973,0.25492999,0.380780011,0.399540007,0.607298562
11.05,0.738520026,0.53846997,1.263010025,0.581809998,0.206389993,0.308780015,0.397500008,0.576354291
11.06667,0.781359971,0.591260016,1.256160021,0.646239996,0.451319993,0.321209997,0.378850013,0.632342858
11.08333,0.760670006,0.683679998,1.140849948,0.537159979,0.55023998,0.710959971,0.321460009,0.672145699
11.1,0.794499993,0.627040029,1.120110035,0.511099994,0.542819977,0.550509989,0.422839999,0.652702859
11.11667,0.710990012,0.659600019,0.954940021,0.470510006,0.502610028,0.360080004,0.49643001,0.5935943
11.13333,0.792490005,0.750549972,1.122480035,0.485379994,0.514699996,0.396789998,0.635450006,0.671120001
11.15,0.608699977,0.876640022,1.106660008,0.535709977,0.517830014,0.378199995,0.687849998,0.673084285
11.16667,0.543009996,0.879589975,1.060909986,0.477160007,0.442070007,0.436949998,0.562279999,0.628852853
11.18333,0.476419985,0.864170015,1.067549944,0.44749999,0.382389992,0.586499989,0.51661998,0.620164271
11.2,0.490449995,0.797420025,1.108500004,0.457800001,0.401989996,0.622780025,0.372669995,0.607372863
11.21667,0.633669972,0.823559999,1.082530022,0.429589987,0.439229995,0.614499986,0.460290015,0.640481425
11.23333,0.821139991,0.758390009,1.046149969,0.40557,0.404320002,0.58950001,0.72973001,0.679257142
11.25,0.766300023,0.420769989,0.875660002,0.380389988,0.342519999,0.612160027,0.747539997,0.592191432
11.26667,0.591350019,0.420709997,0.783680022,0.359320015,0.367619991,0.534739971,0.881739974,0.562737141
11.28333,0.608900011,0.422639996,0.752279997,0.350490004,0.354400009,0.524540007,1.069470048,0.583245724
11.3,0.634119987,0.895510018,0.600340009,0.44066,0.317200005,0.538309991,0.698819995,0.589280001
11.31667,0.929329991,0.737349987,0.45976001,0.434280008,0.305009991,0.506049991,0.437579989,0.544194281
11.33333,1.001760006,0.812619984,0.351680011,0.426169991,0.256390005,0.547330022,0.348769993,0.534960002
11.35,0.595000029,0.945919991,0.340640008,0.395999998,0.277830005,0.501869977,0.387519985,0.492111427
11.36667,0.736199975,0.975960016,0.338649988,0.427920014,0.256839991,0.549759984,0.238600001,0.503418567
11.38333,0.799610019,0.951089978,0.382250011,0.478549987,0.257180005,0.509850025,0.189799994,0.509761431
11.4,0.700380027,0.964890003,0.533190012,0.463829994,0.250869989,0.530409992,0.202260002,0.52083286
11.41667,0.484079987,0.704280019,0.588199973,0.440620005,0.29795,0.489989996,0.237900004,0.463288569
11.43333,0.386599988,0.723100007,0.602829993,0.438560009,0.303030014,0.414380014,0.303059995,0.453080003
11.45,0.552150011,0.611779988,0.514649987,0.432390004,0.361770004,0.389910012,0.194100007,0.436678573
11.46667,0.635800004,0.599189997,0.489109993,0.360309988,0.30715999,0.367599994,0.209940001,0.424158567
11.48333,0.75466001,0.528100014,0.445160002,0.306950003,0.301039994,0.381060004,0.223279998,0.420035718
11.5,0.625649989,0.54163003,0.423429996,0.381689996,0.376630008,0.341710001,0.267150015,0.422555719
11.51667,0.817189991,0.678929985,0.375259995,0.373109996,0.392769992,0.348479986,0.341890007,0.475375708
11.53333,0.68226999,0.874480009,0.296880007,0.318749994,0.328969985,0.413450003,0.238560006,0.450479999
11.55,0.450630009,0.792739987,0.232309997,0.324710011,0.264129996,0.39083001,0.281300008,0.390950003
11.56667,0.581619978,0.750060022,0.144089997,0.303359985,0.233390003,0.35326001,0.287640005,0.37906
11.58333,0.435629994,0.488700002,0.130339995,0.346789986,0.26809001,0.336080015,0.2597,0.323618572
11.6,0.504329979,0.46597001,0.066069998,0.325780004,0.224370003,0.501980007,0.520889997,0.37277
11.61667,0.496219993,0.480789989,0.053240001,0.288929999,0.237910002,0.537989974,0.458640009,0.364817138
11.63333,0.540009975,0.518589973,0.068130001,0.261990011,0.273869991,0.491580009,0.395689994,0.364265708
11.65,0.515429974,0.396910012,0.12207,0.201529995,0.286339998,0.453150004,0.224810004,0.314319998
11.66667,0.437240005,0.347330004,0.140819997,0.294849992,0.263449997,0.458649993,0.217099994,0.308491426
11.68333,0.418590009,0.302060008,0.142330006,0.21683,0.269160002,0.49939999,0.264459997,0.301832859
11.7,0.272190005,0.319290012,0.17825,0.323329985,0.389310002,0.525030017,0.461780012,0.352740005
11.71667,0.262109995,0.301640004,0.296099991,0.348969996,0.228489995,0.412849993,0.294180006,0.306334283
11.73333,0.183200002,0.274699986,0.321029991,0.27136001,0.226640001,0.373589993,0.249060005,0.27136857
11.75,0.320840001,0.257010013,0.390780002,0.118869998,0.241060004,0.432280004,0.280440003,0.291611432
11.76667,0.365200013,0.451490015,0.313560009,0.04383,0.203490004,0.404449999,0.303119987,0.297877147
11.78333,0.421790004,0.353080004,0.325529993,-0.02244,0.222660005,0.362289995,0.397760004,0.294381429
11.8,0.434909999,0.291869998,0.352699995,0.277429998,0.250239998,0.330989987,0.28193,0.317152854
11.81667,0.378740013,0.258100003,0.312429994,0.250019997,0.243489996,0.30577001,0.558879972,0.329632855
11.83333,0.550019979,0.373059988,0.364140004,-0.101199999,0.271860003,0.328559995,0.502950013,0.327055712
11.85,0.390350014,0.270900011,0.419589996,-0.0308,0.278140008,0.38045001,0.518519998,0.318164291
11.86667,0.43186,0.275409997,0.564440012,0.238250002,0.262510002,0.35187,0.285420001,0.34425143
11.88333,0.362129986,0.438419998,0.534770012,0.199530005,0.262129992,0.392419994,0.392560005,0.368851428
11.9,0.453830004,1.29539001,0.549920022,0.193599999,0.255600005,0.435110003,0.314880013,0.499761437
11.91667,0.353109986,0.317699999,0.466219991,0.246910006,0.251179993,0.577109993,0.228440002,0.348667138
11.93333,0.320239991,0.307999998,0.410050005,0.266160011,0.279810011,0.513979971,0.167669997,0.323701426
11.95,0.331110001,0.073689997,0.26286,0.275669992,0.286819994,0.297659993,0.221100003,0.249844283
11.96667,0.401529998,0.15693,0.188050002,0.269030005,0.305180013,0.346460015,0.400660008,0.29540572
11.98333,0.415780008,0.187279999,0.306769997,0.106729999,0.435470015,0.413459986,0.25632,0.303115715
12,0.613120019,0.060210001,0.34691,0.10334,0.515370011,0.218429998,0.267190009,0.303510005
12.01667,0.524119973,0.082680002,0.261460006,0.277649999,0.496479988,0.205689996,0.367229998,0.316472852
12.03333,0.559289992,0.106640004,0.249090001,-0.035,0.393669993,0.233779997,0.229350001,0.248117141
12.05,0.454849988,0.269039989,0.091700003,0.097400002,0.275940001,0.32438001,0.26267001,0.253711429
12.06667,0.344000012,0.15941,0.336679995,0.100599997,0.203539997,0.290679991,0.24447,0.239911427
12.08333,0.334340006,0.226970002,0.356440008,0.137390003,0.242060006,0.265590012,0.398039997,0.280118576
12.1,0.286240011,0.27669999,0.344000012,0.054529998,0.287059993,0.297650009,0.516489983,0.294667142
12.11667,0.638589978,0.358599991,0.401450008,0.206900001,0.262980014,0.195730001,0.451000005,0.359321428
12.13333,0.59762001,0.612749994,0.322629988,0.273409992,0.246849999,0.216979995,0.620909989,0.413021424
12.15,0.32754001,0.27008,0.244399995,0.245859995,0.229359999,0.193979993,0.400000006,0.273031428
12.16667,0.336989999,0.176249996,0.214839995,0.288320005,0.199180007,0.183060005,0.378360003,0.253857144
12.18333,0.342999995,0.186470002,0.213149995,0.195089996,0.216910005,0.293350011,0.396070004,0.263434287
12.2,0.361079991,0.199919999,0.20059,0.137679994,0.209979996,0.323500007,0.433660001,0.266629998
12.21667,0.36906001,0.184090003,0.29659,0.131699994,0.222499996,0.314420015,1.185379982,0.386248572
12.23333,0.71912998,0.210999995,0.290360004,0.073490001,0.210390002,0.231729999,1.125380039,0.40878286
12.25,0.154349998,0.257079989,0.297980011,0.074969999,0.230780005,0.287099987,1.026260018,0.332645715
12.26667,0.180109993,0.130410001,0.319090009,0.149169996,0.267459989,0.345849991,0.733929992,0.303717139
12.28333,0.131970003,0.141200006,0.340499997,0.247930005,0.204899997,0.290250003,0.438609987,0.25648
12.3,0.389099985,0.16877,0.312240005,0.311100006,0.17735,0.246130005,0.498030007,0.300388572
12.31667,0.169239998,0.103040002,0.348430008,0.287800014,0.181899995,0.215759993,0.631900012,0.276867146
12.33333,0.181490004,-0.028449999,0.336750001,0.223429993,0.251830012,0.247590005,0.518159986,0.247257143
12.35,0.284260005,-0.05838,0.348839998,0.274459988,0.179580003,0.213229999,0.72744,0.281347142
12.36667,0.299279988,0.082050003,0.373490006,0.236479998,0.324699998,0.251309991,0.68671,0.322002855
12.38333,0.331270009,0.118110001,0.340330005,0.179309994,0.24346,0.222680002,0.415380001,0.264362859
12.4,0.22529,0.184310004,0.245169997,0.09646,0.251639992,0.242919996,0.538479984,0.254895711
12.41667,0.308400005,0.1963,0.203799993,0.156340003,0.259640008,0.26583001,0.60789001,0.285457147
12.43333,0.209519997,0.208930001,0.286819994,0.220799997,0.184870005,0.303719997,0.710839987,0.303642854
12.45,0.240720004,0.202700004,0.281919986,0.25485,0.144390002,0.25850001,0.762880027,0.306565719
12.46667,0.178200006,0.195690006,0.268680006,0.248260006,0.189060003,0.233410001,0.651530027,0.280690008
12.48333,0.224830002,0.285149992,0.30667001,0.270150006,0.156849995,0.234909996,0.703909993,0.311781428
12.5,0.288430005,0.258679986,0.251940012,0.246059999,0.152009994,0.21593,0.712310016,0.303622859
12.51667,0.276089996,0.207729995,0.215700001,0.223609999,0.183760002,0.23285,0.533760011,0.267642858
12.53333,0.153809994,0.128999993,0.207699999,0.221860006,0.26504001,0.251100004,0.507059991,0.247938571
12.55,0.257950008,0.171069995,0.231700003,0.219850004,0.251219988,0.174799994,0.601360023,0.272564288
12.56667,0.240309998,0.209289998,0.342070013,0.203229994,0.247299999,0.28354001,0.575489998,0.300175716
12.58333,0.295709997,0.202529997,0.386629999,0.208149999,0.243279994,0.406969994,0.522140026,0.323630001
12.6,0.32506001,0.226160005,0.432390004,0.215890005,0.185939997,0.467689991,0.605310023,0.351205719
12.61667,0.367520005,0.275370002,0.444489986,0.256379992,0.222340003,0.300810009,0.636489987,0.357628569
12.63333,0.331550002,0.448339999,0.448920012,0.255290002,0.216820002,0.231340006,0.603389978,0.362235714
12.65,0.161679998,0.28779,0.510580003,0.276769996,0.198510006,0.14215,0.568989992,0.306638571
12.66667,0.123609997,0.386990011,0.50831002,0.269430012,0.165329993,0.149770007,0.774439991,0.339697147
12.68333,0.192450002,0.208450004,0.470880002,0.208419994,0.253030002,0.172089994,0.666880012,0.310314287
12.7,0.459780008,0.397289991,0.375429988,0.271510005,0.257180005,0.219760001,0.615540028,0.370927147
12.71667,0.140829995,0.434269994,0.349570006,0.306699991,0.25703001,0.143169999,0.523720026,0.307898575
12.73333,0.173869997,0.49902001,0.349040002,0.274599999,0.308310002,0.153439999,0.476819992,0.3193
12.75,0.611790001,0.561680019,0.347550005,0.278340012,0.317519993,0.15636,0.447939992,0.388740003
12.76667,0.635619998,0.433209985,0.406040013,0.217260003,0.244829997,0.226370007,0.618669987,0.39742857
12.78333,0.518649995,0.501320004,0.402700007,0.177159995,0.216150001,0.188240007,0.725989997,0.390030001
12.8,0.599940002,0.436360002,0.429690003,0.157289997,0.217030004,0.180969998,0.545710027,0.366712862
12.81667,0.589600027,0.458090007,0.497489989,0.157230005,0.293480009,0.148430005,0.465570003,0.372841435
12.83333,0.639680028,0.371870011,0.535950005,0.122270003,0.372860014,0.128230006,0.43878001,0.372805725
12.85,0.609660029,0.258069992,0.55309999,0.195089996,0.17001,0.342830002,0.534910023,0.38052429
12.86667,0.624289989,0.216130003,0.541719973,0.225350007,0.272249997,0.246460006,0.620899975,0.39244285
12.88333,0.437420011,0.296880007,0.512530029,0.199139997,0.254579991,0.217710003,1.044999957,0.423322856
12.9,0.415549994,0.485650003,0.662119985,0.181690007,0.302819997,0.25740999,0.879270017,0.454929999
12.91667,0.253190011,0.531859994,0.645330012,0.202849999,0.307359993,0.33050999,0.746680021,0.431111432
12.93333,0.387769997,0.507629991,0.425599992,0.242990002,0.374749988,0.304949999,0.458290011,0.38599714
12.95,0.053119998,0.474739999,0.401109993,0.239610001,0.463099986,0.232960001,0.268020004,0.304665712
12.96667,0.140630007,0.408499986,0.363220006,0.250660002,0.308640003,0.295610011,0.26038,0.289662859
12.98333,0.396219999,0.438030005,0.379390001,0.251800001,0.226820007,0.250169992,0.297879994,0.320044285
13,0.416649997,0.439830005,0.294550002,0.271990001,0.351220012,0.231370002,0.222599998,0.318315717
13.01667,0.314370006,0.442209989,0.318150014,0.290520012,0.235970005,0.301910013,0.296880007,0.314287149
13.03333,0.268940002,0.476500005,0.282240003,0.254709989,0.420920014,0.268810004,0.168180004,0.305757146
13.05,0.281179994,0.474009991,0.172889993,0.143240005,0.545019984,0.238399997,0.1171,0.281691423
13.06667,0.264149994,0.476559997,0.034869999,0.152789995,0.63428998,0.265329987,0.139170006,0.281022851
13.08333,0.210040003,0.45697999,-0.043609999,0.092560001,0.564369977,0.220369995,0.139909998,0.23437428
13.1,0.198489994,0.471929997,-0.034880001,0.228780001,0.645190001,0.402819991,0.190029994,0.30033714
13.11667,0.254750013,0.412050009,-0.00206,0.260879993,0.43096,0.343739986,0.190990001,0.270187143
13.13333,0.316439986,0.416449994,0.03974,0.266059995,0.248940006,0.345450014,0.203549996,0.262375713
13.15,0.255569994,0.361600012,0.022150001,0.226960003,0.292979985,0.280110002,0.16133,0.228671428
13.16667,0.340189993,0.400900006,-0.151779994,0.248400003,0.445719987,0.287739992,0.126039997,0.242458569
13.18333,0.433030009,0.430269986,-0.114529997,0.189410001,0.462900013,0.315439999,0.127049997,0.263367144
13.2,0.485040009,0.393590003,-0.282770008,0.188639998,0.479360014,0.228809997,0.195500001,0.241167145
13.21667,0.460220009,0.311459988,-0.00658,0.261150002,0.254409999,0.170169994,0.239570007,0.241485714
13.23333,0.468360007,0.367819995,-0.0832,0.299129993,0.344370008,0.067659996,0.196930006,0.237295715
13.25,0.353729993,0.368600011,-0.101000004,0.292169988,0.220109999,0.033039998,0.124030001,0.184382855
13.26667,0.463649988,0.324319988,-0.123779997,0.236230001,0.594200015,0.054529998,0.105379999,0.236361427
13.28333,0.303409994,0.289759994,-0.108410001,0.204809994,0.555209994,0.082060002,0.05663,0.197638568
13.3,0.237609997,0.342119992,-0.039670002,0.23206,0.498360008,0.113070004,0.04002,0.203367143
13.31667,0.300000012,0.675300002,-0.00451,0.304250002,0.382600009,0.283670008,0.076030001,0.288191434
13.33333,0.433219999,1.836619973,0.01756,0.341829985,0.608669996,0.35036999,0.218539998,0.543829992
13.35,0.500199974,-0.184320003,0.0058,0.32543999,0.416119993,0.379150003,0.406899989,0.264184278
13.36667,0.524079978,0.486110002,0.03757,0.272659987,0.350219995,0.333079994,0.519379973,0.360442847
13.38333,0.416669995,0.48269999,0.053470001,0.223749995,0.448720008,0.197889999,0.690110028,0.359044288
13.4,0.458400011,0.46322,0.094149999,0.151289999,0.500569999,0.223470002,0.636070013,0.361024289
13.41667,0.444790006,0.352690011,0.137229994,0.200399995,0.287360013,0.154039994,0.388500005,0.280715717
13.43333,0.444330007,0.141330004,0.15196,0.260450006,0.282590002,0.255360007,0.455630004,0.284521433
13.45,0.337399989,0.024189999,0.116690002,0.256410003,0.347499996,0.156540006,0.275750011,0.216354287
13.46667,0.292640001,-0.01463,0.042679999,0.35484001,0.089659996,0.083870001,0.244489998,0.156221429
13.48333,0.235740006,0.038929999,-0.00678,0.130809993,0.089610003,0.07739,0.268229991,0.119132856
13.5,0.212589994,0.06202,-0.04016,0.190579996,-0.00355,0.131180003,0.324310005,0.125281428
13.51667,0.315030009,0.081540003,-0.029200001,0.245130002,0.222760007,0.150429994,0.324719995,0.18720143
13.53333,0.347950011,0.127039999,0.00079,0.280319989,0.200210005,0.265480012,0.366809994,0.226942859
13.55,0.424710006,0.072619997,0.070390001,0.29964,0.301979989,0.450580001,0.555310011,0.310747143
13.56667,0.344159991,0.096189998,0.077590004,0.309789985,0.22811,0.501850009,0.76327002,0.331565715
13.58333,0.2183,0.120140001,0.102710001,0.348320007,0.261759996,0.197530001,0.573310018,0.260295718
13.6,0.082730003,0.161909997,0.112130001,0.294730008,0.438560009,0.11163,0.526279986,0.246852858
13.61667,0.129419997,0.099040002,0.101530001,0.233669996,0.360650003,0.136910006,0.66377002,0.246427146
13.63333,0.214709997,0.129339993,0.118859999,0.083839998,0.255620003,0.092979997,0.645420015,0.22011
13.65,0.244609997,0.100960001,0.147599995,0.00045,0.170739993,0.13628,0.34889999,0.164219997
13.66667,0.234980002,0.145999998,0.167070001,-0.01795,0.348940015,0.147620007,0.386139989,0.201828573
13.68333,0.278230011,0.126399994,0.204569995,0.038059998,0.00527,0.195419997,0.405690014,0.17909143
13.7,0.303739995,0.180250004,0.182799995,0.074660003,0.068570003,0.155269995,0.280609995,0.177985713
13.71667,0.303460002,0.197589993,0.221430004,0.14192,0.175380006,0.156550005,0.229249999,0.203654287
13.73333,0.413749993,0.192640007,0.222440004,0.345730007,0.188280001,0.076590002,0.249310002,0.241248574
13.75,0.417160004,0.187979996,0.189559996,0.411610007,0.180570006,0.08732,0.262120008,0.248045717
13.76667,0.409060001,0.216260001,0.189700007,0.448839992,0.183730006,0.181339994,0.234740004,0.266238572
13.78333,0.412809998,0.186539993,0.230519995,0.415010005,0.153510004,0.20984,0.203079998,0.25875857
13.8,0.434199989,0.137189999,0.208670005,0.295569986,0.164430007,0.139850006,0.168689996,0.22122857
13.81667,0.439539999,0.151280001,0.143490002,0.347009987,0.274870008,0.148790002,0.108450003,0.23049
13.83333,0.369509995,0.150590003,0.11073,0.287010014,0.356160015,0.12827,0.048590001,0.207265718
13.85,0.38132,0.185509995,0.10887,0.32604,0.402310014,0.096830003,0.03351,0.219198573
13.86667,0.244330004,0.253399998,0.135890007,0.321480006,0.176819995,0.048039999,0.162059993,0.191717143
13.88333,0.293040007,0.302689999,0.215839997,0.178399995,0.098690003,0.037080001,0.060090002,0.169404286
13.9,0.266959995,0.357870013,0.267349988,0.287310004,0.104560003,0.101939999,-0.03081,0.193597143
13.91667,0.192870006,0.32299,0.217260003,0.335290015,0.120410003,0.051059999,0.00428,0.177737146
13.93333,0.227139995,0.306959987,0.200859994,0.273259997,0.159439996,-0.033840001,0.02798,0.165971424
13.95,0.263379991,0.318089992,0.092589997,0.343100011,0.354629993,0.00671,0.03145,0.201421426
13.96667,0.295540005,0.350699991,0.145989999,0.430209994,0.221689999,0.17678,0.00833,0.23274857
13.98333,0.158519998,0.33840999,0.108560003,0.21717,0.259359986,0.108460002,0.074239999,0.180674283
14,0.148680001,0.265260011,0.150099993,0.158600003,0.202150002,-0.114550002,0.142220005,0.136065716
14.01667,0.183349997,0.220320001,0.201130003,0.273400009,0.338699996,-0.095679998,0.242050007,0.194752859
14.03333,0.186250001,0.190620005,0.205579996,0.427109987,0.200990006,-0.191689998,0.325349987,0.192029998
14.05,0.102009997,0.157100007,0.206560001,0.285479993,0.277159989,0.02368,0.407429993,0.208488568
14.06667,0.02963,0.222460002,0.25929001,0.15997,0.305049986,0.147939995,0.398620009,0.217565715
14.08333,-0.059500001,0.22744,0.225150004,0.238570005,0.30825001,0.164389998,0.385820001,0.212874288
14.1,-0.058320001,0.271670014,0.1646,0.258810014,0.308569998,0.214300007,0.384369999,0.220571433
14.11667,-0.051040001,0.221190006,0.260019988,0.248669997,0.267910004,0.234819993,0.324310005,0.215125713
14.13333,0.167769998,0.157930002,0.21446,0.213730007,0.230649993,0.286359996,0.230570003,0.214495714
14.15,0.204879999,0.205310002,0.184100002,0.178670004,0.186350003,0.295650005,0.172220007,0.20388286
14.16667,0.222090006,0.155819997,0.220300004,0.187130004,0.206210002,0.213609993,0.185589999,0.198678572
14.18333,0.06408,0.159689993,0.262120008,0.30004999,0.189539999,0.177739993,0.166749999,0.18856714
14.2,-0.017309999,0.167840004,0.231879994,0.162550002,0.162009999,0.349130005,0.211919993,0.181145714
14.21667,0.015869999,0.181349993,0.232620001,0.173820004,0.184949994,0.290809989,0.197369993,0.182398568
14.23333,0.04104,0.251960009,0.202810004,0.116669998,0.163530007,0.506389976,0.164790004,0.206741428
14.25,0.00686,0.202179998,0.199689999,0.141780004,0.158840001,0.381350011,0.196999997,0.183957144
14.26667,0.00654,0.169650003,0.265560001,0.278939992,0.168980002,0.283109993,0.298779994,0.210222855
14.28333,-0.07485,0.178849995,0.274309993,0.258670002,0.139540002,0.24673,0.293529987,0.188111426
14.3,-0.148660004,0.165639997,0.282400012,0.128749996,0.104709998,0.115440004,0.415930003,0.152030001
14.31667,-0.17667,0.29618001,0.347559988,0.182630002,0.102949999,0.07282,0.654779971,0.211464282
14.33333,-0.02125,0.30467999,0.398640007,0.105420001,0.129629999,0.093249999,0.635850012,0.235174287
14.35,-0.100220002,0.301400006,0.293469995,0.05948,0.162159994,0.099459998,0.985759974,0.257358566
14.36667,-0.01452,0.307790011,0.167140007,0.110090002,0.179670006,0.069870003,1.078539968,0.271225714
14.38333,-0.089479998,0.244049996,0.184420004,0.122939996,0.203229994,0.092079997,2.326139927,0.440482845
14.4,-0.063299999,0.160840005,0.183699995,0.10125,0.169579998,0.05539,0.360900015,0.138337145
14.41667,-0.069729999,0.1087,0.257279992,0.089380004,0.146160007,0.10616,0.255670011,0.127660002
14.43333,-0.028109999,0.107160002,0.255670011,0.075400002,0.124710001,0.156680003,0.445190012,0.162385719
14.45,0.03991,0.109509997,0.263870001,0.097570002,0.113020003,0.166010007,0.548200011,0.191155717
14.46667,0.160490006,0.095760003,0.211919993,0.145500004,0.084360003,0.099689998,0.444180012,0.177414288
14.48333,0.099320002,0.155619994,0.208810002,0.143759996,0.103799999,0.03229,0.667590022,0.201598573
14.5,0.126289994,0.112269998,0.133929998,0.316799998,0.117470004,0.115400001,0.654940009,0.2253
14.51667,0.177049994,0.180270001,0.163650006,0.329540014,0.082539998,0.154719993,0.56299001,0.23582286
14.53333,0.176280007,0.248960003,0.161249995,0.364399999,0.083750002,0.094439998,0.511380017,0.234351432
14.55,0.312849998,0.350870013,0.142910004,0.377330005,0.127639994,0.133849993,0.03827,0.211960001
14.56667,0.268070012,0.423220009,0.139180005,0.35284999,0.108649999,0.05779,-0.080899999,0.181265717
14.58333,0.293300003,0.321170002,0.219520003,0.293190002,0.175579995,0.05593,-0.358859986,0.14283286
14.6,0.328579992,0.300680012,0.12793,0.281010002,0.159730002,0.105829999,-0.389059991,0.130671431
14.61667,0.307220012,0.202600002,0.204339996,0.271299988,0.126210004,0.154990003,-0.164739996,0.157417144
14.63333,0.270029992,0.159730002,0.199080005,0.203429997,0.184420004,0.2315,-0.09787,0.164331429
14.65,0.352930009,0.091279998,0.239639997,0.20724,0.126959994,0.119489998,0.00291,0.162921428
14.66667,0.273279995,0.136409998,0.200780004,0.17994,0.131070003,0.168520004,0.067620002,0.165374286
14.68333,0.124360003,0.189620003,0.271880001,0.206699997,0.077179998,0.066490002,0.118639998,0.150695715
14.7,0.298150003,0.094549999,0.320980012,0.231209993,0.081649996,0.04166,0.125119999,0.170474286
14.71667,0.195969999,0.077940002,0.356059998,0.241029993,0.099129997,0.155200005,0.04239,0.166817142
14.73333,0.175650001,0.067450002,0.377229989,0.188889995,0.108910002,0.278360009,0.241840005,0.205475715
14.75,0.181899995,0.081820004,0.427529991,0.215829998,0.124080002,0.234530002,0.312860012,0.225507143
14.76667,0.151720002,0.043880001,0.335449994,0.197889999,0.122709997,0.051290002,0.265410006,0.166907143
14.78333,0.220320001,0.064999998,0.196229994,0.260600001,0.121619999,0.08766,1.232560039,0.311998576
14.8,0.225250006,0.01399,0.166950002,0.244240001,0.119029999,0.112170003,0.396679997,0.182615715
14.81667,0.241449997,0.02747,0.185340002,0.279579997,0.132679999,0.102339998,0.380059987,0.192702854
14.83333,0.225079998,0.06718,0.255089998,0.269899994,0.137109995,0.092990004,0.281800002,0.18987857
14.85,0.11823,0.068549998,0.253809988,0.245210007,0.117509998,0.02643,0.341320008,0.167294286
14.86667,0.134259999,0.066459998,0.197080001,0.195050001,0.120980002,-0.06064,0.457549989,0.158677142
14.88333,0.08873,0.05838,0.211679995,0.226710007,0.092629999,-0.03988,0.325470001,0.137674286
14.9,0.053429998,-0.01176,0.317909986,0.215000004,0.106640004,0.756659985,0.397790015,0.26223857
14.91667,-0.026380001,0.03974,0.419450015,0.167999998,0.10808,0.130909994,0.33002001,0.167117145
14.93333,0.04634,0.032079998,0.362859994,0.221919999,0.088189997,-0.28944999,0.224179998,0.098017142
14.95,0.115900002,0.02134,0.303770006,0.240789995,0.07976,-0.02923,0.177220002,0.129935715
14.96667,0.127169997,0.03272,0.281890005,0.249229997,0.09104,0.076470003,0.160050005,0.145510001
14.98333,0.203529999,0.093670003,0.227430001,0.267859995,0.09499,0.030099999,0.060789999,0.139767142
15,0.132489994,0.00242,0.220870003,0.252889991,0.07728,0.120700002,0.061159998,0.123972855
15.01667,0.183320001,0.01884,0.198180005,0.223159999,0.101089999,0.415419996,-0.116060004,0.146278571
15.03333,0.282389998,-0.044739999,0.176760003,0.270440012,0.096730001,0.140220001,-0.087820001,0.119140002
15.05,0.154650003,-0.020640001,0.127859995,0.264380008,0.093209997,0.11592,-0.026529999,0.101264286
15.06667,0.152079999,-0.064300001,0.093259998,0.256440014,0.086259998,0.071649998,-0.08924,0.072307144
15.08333,0.073890001,-0.02189,0.098930001,0.218820006,0.085100003,0.05827,-0.161290005,0.050261429
15.1,0.096139997,0.0048,0.114569999,0.163990006,0.085220002,0.042180002,-0.161129996,0.049395716
15.11667,0.068580002,0.083489999,0.05607,0.145050004,0.098420002,0.0854,-0.154280007,0.054675714
15.13333,0.067570001,0.066380002,0.043400001,0.142729998,0.048599999,0.0341,-0.096249998,0.04379
15.15,0.03977,0.06112,0.043269999,0.151260003,0.087630004,0.053160001,-0.114490002,0.045960001
15.16667,0.067309998,0.054779999,0.035239998,0.109339997,0.065389998,0.083509997,-0.193230003,0.031762855
15.18333,0.037620001,0.118359998,0.071439996,0.121399999,0.030719999,0.095540002,0.05274,0.075402856
15.2,0.135100007,0.085560001,0.151879996,0.18468,0.068039998,0.194649994,0.044739999,0.123521428
15.21667,-0.01726,0.134450004,0.203600004,0.249039993,0.083070002,0.180099994,0.06594,0.12842
15.23333,-0.017100001,0.165959999,0.279489994,0.218229994,0.110780001,0.276749998,0.068300001,0.157487141
15.25,0.141749993,0.185739994,0.293240011,0.328319997,0.105599999,0.351130009,0.124679998,0.218637143
15.26667,0.05418,0.258859992,0.424670011,0.304170012,0.076229997,0.101300001,0.074309997,0.184817144
15.28333,0.0583,0.310979992,0.536350012,0.300790012,0.110809997,0.125080004,0.080540001,0.217550003
15.3,0.02908,0.138040006,0.483260006,0.328920007,0.067199998,0.151219994,0.10548,0.18617143
15.31667,0.121480003,0.156819999,0.311729997,0.353480011,0.061269999,0.031479999,0.101439998,0.162528572
15.33333,0.159150004,0.122819997,0.322699994,0.329580009,0.031939998,0.071630001,0.047339998,0.155022857
15.35,0.144920006,0.241400003,0.470050007,0.278849989,0.040569998,0.17351,0.136519998,0.21226
15.36667,0.14091,0.067110002,0.490839988,0.282860011,0.043540001,0.195219994,0.172409996,0.198984284
15.38333,0.137030005,0.073550001,0.434329987,0.25782001,0.040369999,0.162389994,0.13053,0.176574285
15.4,0.063610002,0.058419999,0.499049991,0.284480006,0.040970001,0.085359998,0.140450001,0.167477143
15.41667,0.018279999,0.072310001,0.662829995,0.250719994,0.032839999,0.075450003,0.111989997,0.174917141
15.43333,0.01558,0.116470002,0.625140011,0.260910004,-0.01516,0.144319996,0.068060003,0.173617145
15.45,0.139290005,0.115379997,0.714950025,0.231930003,0.02414,0.177900001,0.03111,0.204957147
15.46667,0.255129993,0.051970001,0.660839975,0.146080002,-0.05037,0.161029994,-0.06583,0.165549995
15.48333,0.229819998,0.058699999,0.703989983,0.317270011,-0.061659999,0.087010004,-0.046750002,0.184054285
15.5,0.278549999,0.08788,0.554709971,0.378320009,-0.087719999,0.089330003,-0.04936,0.178815712
15.51667,0.23725,0.096969999,0.441029996,0.331310004,-0.02328,0.0024,-0.02703,0.151235714
15.53333,0.120690003,0.163939998,0.438010007,0.302769989,-0.01397,-0.01409,-0.068719998,0.132661428
15.55,0.08422,0.14249,0.464890003,0.26067999,-0.034430001,0.091530003,-0.035980001,0.139057142
15.56667,0.10035,0.120389998,0.455650002,0.312759995,-0.0222,0.087010004,-0.04434,0.144231429
15.58333,0.215320006,0.115539998,0.303710014,0.284179986,-0.01104,0.108510002,-0.03131,0.140701429
15.6,0.11575,0.084260002,0.361629993,0.254240006,0.01021,0.161740005,-0.113370001,0.124922858
15.61667,0.089149997,0.053989999,0.186279997,0.258219987,0.01296,0.179609999,-0.179340005,0.085838568
15.63333,-0.034480002,-0.01379,0.149880007,0.239189997,-0.01068,0.175960004,-0.074709997,0.061624287
15.65,-0.088880002,-0.04177,0.377249986,0.228269994,0.0209,0.129050002,-0.00452,0.088614283
15.66667,-0.270669997,0.04724,0.01939,0.214509994,0.00086,0.090039998,-0.074210003,0.003879999
15.68333,-0.288670003,-0.03483,0.015690001,0.207149997,0.023229999,0.129820004,-0.12703,-0.010662857
15.7,-0.283190012,0.01404,-0.084239997,0.205410004,-0.031289998,0.08783,-0.335310012,-0.060964288
15.71667,-0.226630002,-0.024390001,-0.00733,0.176430002,0.01519,0.062919997,-0.312110007,-0.04513143
15.73333,-0.14982,0.113629997,0.24966,0.132290006,0.00604,0.134069994,-0.198870003,0.040999999
15.75,-0.155790001,0.02857,0.178509995,0.126890004,0.04645,0.092200004,-0.162509993,0.022045716
15.76667,-0.19122,0.018650001,0.217050001,0.117490001,0.046799999,0.095959999,0.00186,0.043798571
15.78333,-0.199780002,-0.040770002,0.287440002,0.056589998,0.03686,0.093699999,-0.01429,0.031392857
15.8,-0.168809995,-0.083729997,0.394809991,0.033939999,-0.00401,0.121849999,-0.094829999,0.02846
15.81667,-0.175909996,-0.118759997,0.224989995,0.05669,0.02169,0.088739999,-0.146149993,-0.00695857
15.83333,-0.255210012,-0.154269993,0.194959998,0.01517,0.03779,0.072049998,-0.137319997,-0.032404287
15.85,-0.229809999,-0.187010005,0.403310001,0.037280001,-0.00459,0.172209993,-0.186299995,0.000727142
15.86667,-0.299860001,-0.170919999,0.324860007,0.120310001,0.027109999,0.092129998,-0.050340001,0.006184286
15.88333,-0.361750007,-0.254409999,0.279000014,0.170149997,0.037,0.155379996,0.036449999,0.008831429
15.9,-0.351240009,-0.212109998,0.367740005,0.136240005,0.084899999,0.130769998,0.078680001,0.033568572
15.91667,-0.302780002,-0.213459998,0.363020003,0.106279999,0.076090001,0.132760003,0.173610002,0.04793143
15.93333,-0.270429999,-0.226359993,0.296310008,0.068489999,0.060660001,0.137449995,0.195559993,0.037382858
15.95,-0.116700001,-0.228619993,0.268660009,0.079259999,0.045630001,0.140980005,0.197819993,0.055290002
15.96667,-0.309399992,-0.220390007,0.170770004,0.03853,0.031920001,0.163039997,0.165570006,0.005720001
15.98333,-0.410879999,-0.111089997,0.04566,0.02973,0.00873,0.130889997,0.103440002,-0.029074285
16,-0.363739997,-0.038509998,0.00434,0.00742,0.016960001,0.119989999,0.218370005,-0.005024284
16.01667,-0.340640008,-0.127969995,0.01415,-0.02775,0.02001,0.117530003,0.220369995,-0.017757144
16.03333,-0.367989987,-0.171110004,0.053149998,-0.062880002,0.00752,0.082979999,0.235829994,-0.031785715
16.05,-0.34623,-0.104790002,0.078809999,-0.102909997,0.00751,0.061280001,0.153559998,-0.03611
16.06667,-0.444189996,-0.153760001,0.119159997,-0.136739999,0.03004,0.07316,0.072690003,-0.062805714
16.08333,-0.373050004,-0.167309999,0.107349999,-0.070289999,0.0317,0.112300001,0.054310001,-0.04357
16.1,-0.357670009,-0.142619997,0.11197,-0.01055,0.018689999,0.079099998,0.01756,-0.040502858
16.11667,-0.395440012,-0.116640002,0.187340006,0.00765,0.02366,0.164039999,0.016000001,-0.016198572
16.13333,-0.26394999,-0.037719999,0.256680012,0.015699999,-0.01358,0.084430002,0.015969999,0.008218575
16.15,-0.212679997,-0.06047,0.252220005,0.033300001,-0.026729999,0.059009999,0.039340001,0.011998573
16.16667,-0.101779997,-0.070840001,0.325679988,0.050379999,-0.0067,0.058839999,0.097989999,0.050509998
16.18333,-0.0085,0.01888,0.30498001,0.045389999,0.00516,0.101910003,0.08399,0.078830002
16.2,-0.056260001,0.01194,0.252220005,0.096479997,0.01491,0.150800005,0.136610001,0.08667143
16.21667,0.043110002,0.02863,0.223030001,0.02166,0.01695,0.109970003,0.070459999,0.073401429
16.23333,0.06504,0.027009999,0.290609986,0.039820001,0.020540001,0.112329997,-0.171200007,0.054878568
16.25,0.138889998,-0.00803,0.261339992,0.024839999,0.03664,0.093039997,-0.274390012,0.038904282
16.26667,0.139190003,0.041529998,0.33484,-0.00315,0.0176,0.134179994,-0.177880004,0.069472856
16.28333,0.10464,0.00226,0.259739995,0.0167,0.054990001,0.132119998,-0.10362,0.066689999
16.3,0.288670003,-0.02808,0.243640006,0.062770002,0.056170002,0.09663,-0.123400003,0.085200001
16.31667,0.170839995,-0.033720002,0.357910007,0.076860003,0.052749999,0.035349999,-0.120240003,0.077107143
16.33333,0.153239995,0.0119,0.21446,0.115889996,0.053550001,0.051270001,-0.321040004,0.039895713
16.35,0.153870001,-0.025730001,0.394540012,0.106360003,0.080940001,-0.00374,-0.496939987,0.029900004
16.36667,0.128830001,0.01186,0.427639991,0.119960003,0.084679998,0.120290004,-0.418799996,0.06778
16.38333,0.197760001,0.00768,0.274199992,0.04919,0.091859996,0.160439998,-0.300700009,0.068632854
16.4,0.146469995,-0.065970004,0.115400001,0.109410003,0.05827,0.137710005,-0.269340008,0.033135713
16.41667,0.119719997,-0.028820001,0.234070003,0.105590001,0.01668,0.155019999,-0.049490001,0.078967143
16.43333,0.120339997,-0.061659999,0.310079992,0.122280002,-0.01884,0.128930002,-0.129830003,0.06732857
16.45,0.093269996,-0.156479999,0.376069993,0.111079998,-0.01317,0.160980001,-0.196559995,0.053598571
16.46667,0.069590002,-0.05886,0.422010005,0.123190001,0.03246,0.164210007,-0.199420005,0.079025716
16.48333,0.04809,-0.090149999,0.215580001,0.042059999,0.077639997,0.08501,-0.188950002,0.027039999
16.5,0.02245,-0.07057,0.162770003,0.076580003,0.087200001,0.087169997,-0.272089988,0.013358574
16.51667,0.00791,-0.109169997,0.268260002,0.182030007,0.223210007,0.087849997,-0.209629998,0.064351431
16.53333,-0.017240001,-0.119460002,0.201529995,0.158800006,0.133039996,0.120609999,-0.03235,0.063561428
16.55,-0.028419999,-0.149399996,0.210189998,0.095279999,0.085390002,0.120590001,-0.092330001,0.034471429
16.56667,-0.021880001,-0.165529996,0.171540007,0.160699993,0.088930003,0.109329998,-0.139559999,0.029075715
16.58333,-0.201539993,-0.144419998,0.205779999,0.224739999,0.101980001,0.049789999,-0.150830001,0.012214287
16.6,-0.267199993,-0.137079999,0.323689997,0.273710012,0.02909,0.07604,-0.107249998,0.027285717
16.61667,-0.25327,-0.117519997,0.148589998,0.318379998,0.077880003,0.101460002,-0.03382,0.034528572
16.63333,-0.216749996,-0.073169999,0.187419996,0.351680011,0.03449,0.075920001,-0.177190006,0.026057144
16.65,-0.206670001,-0.00273,0.211950004,0.328390002,0.00414,0.064450003,-0.208739996,0.027255716
16.66667,-0.265890002,-0.01904,0.237829998,0.257340014,0.00184,0.065839998,-0.246059999,0.00455143
16.68333,0.01575,-0.057179999,0.182809994,0.160679996,0.045400001,0.057549998,-0.482679993,-0.011095715
16.7,-0.067479998,-0.090609998,0.14937,0.125049993,0.040910002,0.081770003,-0.453570008,-0.030651429
16.71667,-0.110909998,-0.077780001,0.156479999,0.067290001,0.099720001,0.179260001,-0.443639994,-0.018511427
16.73333,-0.215770006,-0.046270002,0.18175,0.056820001,0.109580003,0.140970007,-0.132479995,0.013514287
16.75,-0.088880002,-0.02079,0.137020007,0.091750003,0.150889993,0.059760001,-0.15095,0.025542857
16.76667,-0.0656,-0.02578,0.168980002,0.092550002,0.174520001,0.07316,-0.373739988,0.006298574
16.78333,-0.026389999,0.02355,0.554859996,0.044119999,0.212369993,0.047309998,-0.308129996,0.078241427
16.8,-0.00136,-0.024879999,1.536239982,0.03954,0.208130002,0.040750001,-0.409889996,0.198361427
16.81667,-0.02582,-0.01488,1.078690052,0.050409999,0.107900001,0.022299999,-0.240789995,0.139687151
16.83333,-0.0098,-0.054159999,0.905420005,0.086800002,0.067469999,0.094319999,-0.562749982,0.075328575
16.85,-0.00033,-0.048330002,1.643390059,0.122850001,0.072970003,0.101810001,-0.60108,0.18446858
16.86667,-0.018200001,-0.20476,0.207300007,0.081969999,0.10114,0.02479,-0.603439987,-0.058742854
16.88333,-0.049150001,-0.096440002,1.799919963,0.085519999,0.060230002,0.019619999,-0.67790997,0.163112856
16.9,0.01242,-0.03661,0.521709979,0.12985,0.02737,0.07237,-0.467489988,0.03708857
16.91667,0.051440001,0.146640003,-0.89568001,0.110059999,0.038029999,0.04194,-0.529779971,-0.148192854
16.93333,-0.068949997,0.188109994,-0.457969993,0.10486,0.00412,0.02321,-0.371679991,-0.082614284
16.95,0.01911,0.200330004,-0.00574,0.04913,-0.00562,0.021919999,-0.469909996,-0.027254285
16.96667,0.078819998,0.229699999,0.168029994,0.031490002,0.02287,0.058290001,-0.454299986,0.01927143
16.98333,0.102020003,0.180800006,0.098439999,0.020369999,0.019610001,-0.00564,-0.456889987,-0.005898569
17,0.228970006,0.211329997,0.317169994,0.07271,0.02619,-0.01339,-0.444379985,0.056942859
17.01667,0.117799997,0.172000006,-0.383949995,0.09443,0.022740001,-0.00532,-0.403329998,-0.055089999
17.03333,0.074440002,0.197679996,0.204229996,0.038199998,0.01295,0.00481,-0.385100007,0.021029998
17.05,0.065140001,0.191819996,-0.113920003,0.034019999,-0.01385,0.056049999,-0.279020011,-0.008537146
17.06667,0.080920003,0.135030001,-0.711359978,-0.00178,0.01344,0.01439,-0.466289997,-0.133664281
17.08333,0.125770003,0.12325,-0.698870003,-0.02667,-0.00877,0.021020001,-0.427929997,-0.127457142
17.1,0.135089993,0.097010002,-0.715650022,-0.069349997,0.00256,0.073069997,-0.608410001,-0.155097147
17.11667,0.171220005,0.01088,-0.868589997,-0.00143,-0.021469999,0.060290001,-0.544229984,-0.170475711
17.13333,0.185650006,-0.094980001,-0.822480023,0.052639998,-0.00484,0.081710003,-0.629350007,-0.175950003
17.15,0.178660005,-0.157370001,-0.791339993,0.112539999,-0.050670002,0.059110001,-0.562680006,-0.173107142
17.16667,0.139880002,-0.190589994,-0.710389972,0.135010004,-0.02197,0.01125,-0.526549995,-0.166194279
17.18333,0.12049,-0.197950006,-0.537940025,0.146699995,0.00027,0.025599999,-0.378019989,-0.117264289
17.2,0.114699997,-0.187230006,-0.410540015,0.165900007,-0.060899999,0.00102,-0.484349996,-0.123057144
17.21667,0.172849998,-0.208790004,-0.244279996,0.138840005,-0.108230002,-0.034790002,-0.493110001,-0.111072857
17.23333,0.193409994,-0.224849999,-0.10097,0.276630014,-0.109370001,-0.029309999,-0.316460013,-0.044417143
17.25,0.138260007,-0.136370003,0.160669997,0.280310005,-0.138820007,-0.058649998,-0.359849989,-0.016349998
17.26667,0.0296,-0.08924,0.216949999,0.321839988,-0.113580003,-0.021120001,-0.320719987,0.00339
17.28333,-0.092260003,-0.104479998,0.295700014,0.33961001,-0.153819993,-0.00974,-0.535700023,-0.037241428
17.3,-0.140369996,-0.097850002,0.272509992,0.277969986,-0.058460001,-0.029270001,-0.484919995,-0.037198574
17.31667,-0.301050007,-0.0037,0.243029997,0.270339996,-0.047320001,-0.018820001,-0.561829984,-0.059907143
17.33333,-0.343980014,-0.075120002,0.244440004,0.170019999,-0.03118,-0.00022,-0.343829989,-0.054267143
17.35,-0.353650004,-0.026389999,0.19303,0.128169999,-0.023019999,0.01346,-0.34740001,-0.059400002
17.36667,-0.413760006,-0.02166,-0.040600002,0.081979997,0.00714,0.042289998,-0.769039989,-0.159092857
17.38333,-0.372020006,0.05407,0.03644,0.120070003,0.051040001,0.027629999,-0.768220007,-0.121570001
17.4,-0.46548,0.170939997,-0.026009999,0.135240003,0.053380001,0.057599999,-0.716769993,-0.113014285
17.41667,-0.602580011,0.187999994,0.058559999,0.083619997,0.089939997,0.04039,-0.568480015,-0.101507149
17.43333,-0.63894999,0.208519995,0.030169999,0.01836,0.064499997,0.073969997,-0.76372999,-0.143879999
17.45,-0.672689974,0.318560004,0.189199999,-0.017680001,0.066490002,0.044890001,-0.666499972,-0.105389992
17.46667,-0.580950022,0.369830012,0.131970003,-0.077380002,0.00063,0.032609999,-0.51752001,-0.091544288
17.48333,-0.533770025,0.524969995,0.314209998,-0.169660002,-0.01327,0.035420001,-0.522490025,-0.052084294
17.5,-0.423020005,1.126320004,0.177340001,-0.133550003,0.026350001,0.047139999,-0.343349993,0.068175715
17.51667,-0.404740006,2.044310093,0.028449999,-0.098300003,-0.0199,0.02672,-0.231079996,0.192208584
17.53333,-0.363680005,3.446419954,-0.135590002,-0.076820001,-0.038389999,0.090599999,-0.259270012,0.380467133
17.55,-0.34898001,0.655700028,0.05099,-0.027860001,0.00311,0.105959997,-0.28955999,0.021337146
17.56667,-0.144280002,1.181020021,-0.078960001,-0.00794,-0.02747,0.05147,-0.284759998,0.098440003
17.58333,0.067829996,0.181769997,-0.125410005,0.068020001,-0.03571,0.029279999,-0.245619997,-0.008548573
17.6,0.136189997,0.368070006,-0.331710011,0.063050002,-0.02909,-0.02548,-0.366420001,-0.026484287
17.61667,0.222460002,0.545799971,-0.375800014,0.069159999,0.01592,-0.069849998,-0.375220001,0.004638566
17.63333,0.170709997,0.12974,-0.416900009,0.068449996,-0.00948,-0.049240001,0.05711,-0.007087145
17.65,0.287429988,0.499529988,-0.383709997,0.099830002,-0.02342,-0.00278,-0.387309998,0.012795712
17.66667,0.165539995,0.40764001,-0.3398,0.107139997,-0.01529,-0.020160001,-0.384310007,-0.011320001
17.68333,0.259759992,0.507749975,-0.268889993,0.117190003,-0.038309999,0.00139,-0.363160014,0.030818566
17.7,0.179849997,0.272920012,-0.210429996,0.073919997,-0.05624,0.01637,-0.339700013,-0.009044286
17.71667,0.234310001,0.423460007,-0.143000007,-0.035160001,-0.067429997,0.057580002,-0.280330002,0.027061429
17.73333,0.360819995,0.284790009,-0.060559999,-0.032609999,-0.068920001,0.053040002,-0.288029999,0.035504287
17.75,0.214340001,0.074299999,0.031569999,-0.01029,-0.056639999,0.01455,-0.232840002,0.004998571
17.76667,1.882830024,0.13335,0.190259993,-0.115740001,-0.047169998,0.044520002,-0.14215,0.277985717
17.78333,1.383870006,0.124590002,0.257019997,-0.144769996,-0.05517,0.042119998,-0.134540007,0.210445714
17.8,0.428050011,-0.064709999,0.199019998,-0.148220003,-0.051279999,0.078529999,-0.068980001,0.05320143
17.81667,0.82198,-0.260419995,0.236200005,-0.105959997,-0.039960001,0.096129999,0.00883,0.108114287
17.83333,0.841560006,-0.250039995,0.222299993,-0.122129999,0.0133,0.041839998,0.07406,0.117270001
17.85,0.762600005,-0.374610007,0.228919998,-0.112949997,-0.13527,0.02502,-0.125770003,0.038277142
17.86667,0.544350028,-0.351969987,0.188779995,-0.182699993,-0.088639997,0.040920001,0.01006,0.022971435
17.88333,0.479660004,-0.275110006,0.097439997,-0.242379993,-0.0656,0.021050001,-0.036589999,-0.003075714
17.9,0.358830005,-0.166820005,0.094410002,-0.211970001,-0.054979999,-0.031800002,0.00737,-0.000708571
17.91667,0.321139991,-0.240529999,0.096150003,-0.219449997,-0.00939,0.01447,0.017990001,-0.002802857
17.93333,0.226630002,-0.31408,0.148589998,-0.147750005,-0.036850002,-0.00243,-0.00894,-0.019261429
17.95,0.167940006,-0.298229992,0.129570007,-0.035100002,-0.038090002,-0.00569,-0.05494,-0.019219998
17.96667,-0.255309999,-0.324209988,0.236780003,-0.05415,-0.042789999,-0.00581,-0.0127,-0.065455712
17.98333,-0.220679998,-0.280229986,0.216189995,-0.00575,-0.02929,0.00922,0.039039999,-0.038785713
18,-0.224629998,-0.239419997,0.069679998,-0.026210001,-0.041620001,-0.01284,-0.01911,-0.070592857
18.01667,-0.210140005,-0.390410006,0.0133,-0.026520001,-0.00994,0.00759,-0.00157,-0.08824143
18.03333,-0.203979999,-0.404900014,-0.089670002,-0.03393,-0.027559999,0.025699999,0.01544,-0.102700002
18.05,-0.104160003,-0.449030012,-0.128670007,-0.038369998,-0.076800004,0.068810001,-0.073229998,-0.11449286
18.06667,-0.126340002,-0.372619987,-0.151130006,-0.094219998,-0.090389997,0.058090001,-0.01929,-0.113699998
18.08333,-0.171110004,-0.294220001,-0.092699997,-0.127309993,-0.163560003,0.06357,-0.024460001,-0.115684285
18.1,0.00173,-0.317589998,-0.06213,-0.086170003,-0.160219997,0.00123,-0.02172,-0.092124285
18.11667,-0.02973,-0.305979997,0.00923,-0.086240001,-0.230079994,-0.01269,-0.01162,-0.095301427
18.13333,-0.222680002,-0.282240003,-0.00476,-0.166730002,-0.21649,-0.04019,-0.00949,-0.134654287
18.15,-0.259279996,-0.243469998,-0.068879999,-0.205669999,-0.398589998,-0.0285,-0.042410001,-0.178114285
18.16667,-0.265150011,-0.277909994,-0.074479997,-0.171650007,-0.261429995,-0.082520001,-0.03528,-0.166917144
18.18333,-0.183730006,-0.280319989,-0.111989997,-0.118340001,-0.092399999,-0.02892,-0.042300001,-0.122571428
18.2,-0.225390002,-0.217270002,-0.144050002,-0.148300007,-0.144920006,-0.03779,-0.059020001,-0.139534289
18.21667,-0.211339995,-0.147080004,-0.123149998,-0.153339997,-0.156849995,-0.044709999,-0.00203,-0.119785713
18.23333,-0.148859993,-0.047339998,-0.086120002,-0.138789997,-0.06673,-0.022740001,-0.087279998,-0.08540857
18.25,-0.09285,-0.034309998,-0.097280003,-0.1303,-0.13955,-0.027249999,-0.045529999,-0.08101
18.26667,-0.124770001,-0.129209995,-0.048439998,-0.086860001,-0.147990003,-0.0253,-0.030649999,-0.084745714
18.28333,-0.076509997,-0.153369993,-0.025690001,-0.06419,-0.088370003,-0.031550001,-0.00718,-0.063837142
18.3,0.01407,-0.170399994,0.041209999,-0.01496,-0.10001,-0.040569998,0.038389999,-0.033181428
18.31667,-0.091600001,-0.403360009,0.028449999,-0.01408,-0.197589993,-0.025760001,0.132620007,-0.081617143
18.33333,0.02046,-0.42682001,-0.04095,-0.043280002,-0.09725,0.034589998,0.269470006,-0.040540001
18.35,0.102669999,-0.482109994,-0.056310002,-0.053860001,-0.085819997,0.059689999,0.273990005,-0.034535713
18.36667,0.028039999,-0.717459977,-0.033470001,-0.04191,-0.034079999,0.094400004,0.406989992,-0.042498569
18.38333,-0.00548,-0.654129982,-0.00519,-0.112800002,-0.027650001,0.103569999,0.385219991,-0.045208571
18.4,0.00578,-0.627120018,0.02949,-0.146860003,-0.02802,0.046670001,0.410109997,-0.044278575
18.41667,0.081919998,-0.511049986,0.074649997,-0.153600007,-0.02894,0.04637,0.379940003,-0.015815714
18.43333,0.060320001,-0.525740027,0.07683,-0.135360003,-0.025319999,0.152329996,0.346540004,-0.007200004
18.45,0.088359997,-0.567070007,0.038229998,-0.15659,-0.0306,0.03059,0.545710027,-0.007338569
18.46667,0.144240007,-0.651910007,0.088169999,-0.08687,0.00305,0.05734,0.307990015,-0.019712855
18.48333,0.17035,-0.764580011,0.04775,-0.040899999,-0.01406,0.241080001,0.128289998,-0.033152859
18.5,0.143989995,-0.772509992,-0.00189,-0.0616,-0.04047,0.137720004,0.212040007,-0.054674284
18.51667,0.290769994,-0.736190021,0.00735,-0.038660001,-0.089110002,0.092699997,0.278699994,-0.027777148
18.53333,0.475690007,-0.697350025,0.0144,-0.0231,-0.05937,-0.00268,0.38064,0.012604283
18.55,0.272969991,-0.586629987,-0.01294,-0.043669999,-0.02568,0.078759998,0.580049992,0.037551428
18.56667,0.201340005,-0.465900004,-0.00419,-0.048969999,-0.027480001,0.076099999,0.440010011,0.024415716
18.58333,0.328390002,-0.417299986,-0.012,-0.112350002,-0.02895,0.047510002,1.314450026,0.159964292
18.6,0.187490001,-0.31922999,0.00843,-0.12421,-0.02513,0.098439999,-0.00042,-0.024947141
18.61667,0.06168,-0.323570013,-0.00189,-0.116590001,-0.00321,0.0074,0.689220011,0.04472
18.63333,0.04682,-0.242119998,-0.03198,-0.133469999,0.00839,0.056370001,0.777549982,0.068794284
18.65,0.018780001,-0.203079998,-0.052140001,-0.14858,-0.01182,0.133070007,1.03125,0.109640001
18.66667,-0.030859999,-0.279119998,-0.0535,-0.156760007,-0.00205,0.153300002,1.19306004,0.117724291
18.68333,0.0074,-0.247950003,-0.02379,-0.139019996,0.03833,0.151580006,0.511200011,0.042535717
18.7,-0.079620004,-0.211860001,0.037289999,-0.159620002,0.00694,0.126839995,0.646000028,0.052281431
18.71667,-0.0383,-0.262439996,0.00163,-0.155149996,-0.01746,0.088310003,0.162689999,-0.031531427
18.73333,0.01787,-0.309359998,-0.01281,-0.135759994,-0.0274,0.02032,-0.129720002,-0.082408571
18.75,0.041480001,-0.286159992,0.00295,-0.117320001,-0.046349999,0.032559998,-0.039689999,-0.058932856
18.76667,0.100089997,-0.30546999,0.00975,-0.138349995,-0.08952,0.016720001,0.00349,-0.057612855
18.78333,0.127240002,-0.225740001,-0.02021,-0.160190001,-0.065269999,0.028650001,0.104160003,-0.030194285
18.8,0.182669997,-0.206799999,-0.02208,-0.11705,-0.0273,0.02674,-0.086889997,-0.035815714
18.81667,0.02266,-0.188350007,-0.01087,-0.092119999,-0.039620001,-0.00564,-0.00149,-0.04506143
18.83333,0.076739997,-0.081629999,-0.092780001,-0.086669996,-0.0228,0.00443,-0.00182,-0.029218571
18.85,-0.096600004,-0.086850002,-0.056419998,-0.037450001,-0.039670002,0.00402,0.061870001,-0.035871429
18.86667,-0.050000001,-0.082850002,0.00103,-0.083130002,-0.08822,0.00835,0.178479999,-0.016620001
18.88333,-0.059640002,-0.127399996,-0.030169999,-0.044610001,-0.11479,-0.0284,-0.112190001,-0.073885714
18.9,-0.183840007,-0.15828,-0.026210001,-0.03018,-0.214570001,-0.018279999,-0.217879996,-0.12132
18.91667,-0.310229987,-0.232390001,-0.051890001,-0.01116,-0.213410005,-0.02225,-0.02375,-0.123582856
18.93333,-0.33732,-0.251069993,-0.066480003,-0.02995,-0.191249996,-0.033319999,-0.105149999,-0.144934284
18.95,-0.33860001,-0.125560001,-0.04171,-0.02688,-0.158030003,-0.04755,-0.179120004,-0.131064288
18.96667,-0.367399991,-0.128150001,-0.067529999,-0.00435,-0.107189998,-0.01884,-0.145099998,-0.119794284
18.98333,-0.376230001,-0.072499998,-0.04253,0.01004,-0.01317,-0.00901,-0.160630003,-0.094861429
19,-0.231120005,0.028510001,-0.03229,-0.02331,0.040460002,-0.00903,-0.133259997,-0.051434286
19.01667,-0.159050003,-0.00181,0.05793,-0.00438,0.102820002,-0.019069999,-0.118500002,-0.020294286
19.03333,-0.043900002,0.06199,0.096879996,-0.024110001,0.173549995,-0.0186,-0.06724,0.025509998
19.05,0.039129999,0.095859997,0.174700007,-0.028729999,0.258520007,-0.02273,-0.06938,0.063910001
19.06667,-0.036680002,0.133919999,0.158059999,0.01209,0.246069998,-0.0048,-0.00248,0.072311428
19.08333,-0.068920001,0.187989995,0.02657,0.02507,0.29152,0.02844,-0.085019998,0.057949999
19.1,-0.038240001,0.321029991,0.088330001,-0.01616,0.05627,0.01725,0.051569998,0.06857857
19.11667,0.01606,0.286430001,0.031399999,0.00154,0.163149998,0.00344,-0.063500002,0.062645714
19.13333,0.095150001,0.282260001,0.21627,0.034880001,0.28233999,0.050700001,-0.019379999,0.134602856
19.15,-0.04899,0.156780005,0.249149993,-0.00369,0.21593,-0.01002,-0.063340001,0.070831428
19.16667,-0.136680007,-0.058740001,0.189229995,-0.0103,0.086269997,-0.035089999,-0.026040001,0.001235712
19.18333,-0.117640004,0.066770002,0.246319994,-0.036880001,0.270839989,-0.02815,-0.075060003,0.046599997
19.2,-0.223670006,-0.294629991,0.164969996,-0.056930002,0.341289997,-0.062350001,-0.075000003,-0.029474287
19.21667,-0.299679995,-0.161300004,0.01006,-0.038770001,0.282370001,-0.063709997,-0.12906,-0.057155714
19.23333,-0.39982,-0.122939996,0.00526,0.058649998,0.211040005,-0.04143,-0.113449998,-0.057527142
19.25,-0.510320008,-0.047770001,0.066330001,0.05914,0.272240013,-0.037080001,-0.104269996,-0.043104285
19.26667,-0.409949988,-0.032839999,0.055119999,0.055300001,0.394919991,-0.017960001,-0.107919998,-0.009047142
19.28333,-0.466850013,-0.075089999,0.063040003,0.137689993,0.356079996,-0.045290001,-0.184650004,-0.030724289
19.3,-0.325899988,-0.125039995,0.115549996,0.170440003,0.153870001,-0.105109997,-0.162320003,-0.03978714
19.31667,-0.43976,-0.200420007,0.030339999,0.173030004,0.107890002,-0.078740001,-0.193800002,-0.085922858
19.33333,-0.317200005,-0.248970002,0.01105,0.179210007,0.2183,-0.043249998,-0.157279998,-0.051162857
19.35,-0.32306999,-0.304049999,-0.00872,0.159950003,0.186389998,-0.051819999,-0.140589997,-0.068844283
19.36667,-0.374240011,-0.30983001,0.00733,0.235159993,0.266339988,-0.037020002,-0.133860007,-0.049445721
19.38333,-0.293060005,-0.300199986,0.193529993,0.210979998,0.284949988,-0.07068,-0.133279994,-0.015394286
19.4,-0.301010013,-0.327499986,0.236090004,0.126159996,0.297039986,-0.047570001,-0.157189995,-0.024854287
19.41667,-0.486739993,-0.463660002,0.261500001,0.01174,0.197190002,-0.05517,-0.166869998,-0.100287141
19.43333,-0.49278,-0.475210011,0.293179989,-0.00137,0.293099999,-0.08089,-0.188170001,-0.09316286
19.45,-0.489580005,-0.470429987,0.0276,-0.00683,0.240480006,-0.095660001,-0.120959997,-0.130768569
19.46667,-0.49048999,-0.385360003,0.096799999,-0.034759998,0.298949987,-0.103820004,-0.101329997,-0.102858572
19.48333,-0.368649989,-0.268640012,0.157900006,-0.066440001,0.116130002,-0.098229997,-0.080310002,-0.086891428
19.5,-0.32762,-0.214609995,0.071450002,-0.100529999,0.195120007,-0.061269999,-0.156230003,-0.084812855
19.51667,-0.31400001,0.00042,0.02557,-0.096199997,0.147200003,-0.074089997,-0.16212,-0.067602857
19.53333,-0.44374001,0.028349999,0.0955,-0.128360003,0.162379995,-0.05029,-0.123750001,-0.065701431
19.55,-0.284500003,0.107960001,0.122050002,-0.150230005,0.138180003,-0.035730001,-0.091619998,-0.027698572
19.56667,-0.189449996,0.152630001,0.00671,-0.199949995,0.115340002,-0.055289999,-0.103940003,-0.039135713
19.58333,-0.271979988,0.108309999,-0.060559999,-0.227760002,0.181309998,-0.133860007,-0.10108,-0.072231428
19.6,-0.193790004,0.107519999,-0.036079999,-0.331950009,0.150849998,-0.123300001,-0.07017,-0.070988574
19.61667,-0.0071,0.186969995,-0.016829999,-0.343890011,0.078989998,-0.052650001,-0.132890001,-0.041057146
19.63333,0.134299994,0.135879993,0.034669999,-0.42535001,0.234329998,-0.075989999,-0.090970002,-0.007590004
19.65,-0.02538,0.05167,0.078259997,-0.240030006,0.064309999,-0.200139999,-0.110650003,-0.054565716
19.66667,-0.00744,-0.087990001,0.01532,-0.363620013,0.082539998,-0.135729998,-0.097000003,-0.084845717
19.68333,0.070840001,-0.098899998,-0.017340001,-0.367229998,0.04831,-0.125890002,-0.078639999,-0.081264285
19.7,0.116680004,-0.145510003,-0.066179998,-0.327140003,0.020850001,-0.054499999,-0.097970001,-0.07911
19.71667,0.158230007,-0.174500003,-0.01536,-0.250840008,0.040690001,-0.060120001,-0.131479993,-0.061911428
19.73333,0.076020002,-0.236860007,-0.046050001,-0.192609996,0.111699998,-0.01324,-0.090389997,-0.055918571
19.75,0.073509999,-0.251819998,0.00572,-0.161919996,0.197400004,-0.00222,-0.143930003,-0.040465714
19.76667,-0.049940001,-0.251940012,-0.00359,-0.102449998,0.05249,0.044709999,-0.135879993,-0.063800001
19.78333,-0.048749998,-0.286839992,-0.05077,-0.078440003,0.116779998,0.113799997,-0.120169997,-0.050627142
19.8,-0.045979999,-0.323960006,-0.040309999,-0.098200001,0.0139,0.057829998,-0.090530001,-0.07532143
19.81667,-0.08929,-0.304179996,0.0037,-0.083570004,-0.037209999,0.103799999,-0.094839998,-0.071655714
19.83333,-0.017480001,-0.267690003,0.0144,-0.04197,0.00878,0.080470003,-0.137160003,-0.051521429
19.85,-0.186570004,-0.186959997,0.039730001,-0.022019999,0.053490002,-0.077820003,-0.174779996,-0.079275714
19.86667,-0.299109995,-0.11197,0.05844,-0.04166,0.108070001,-0.05212,-0.126149997,-0.066357142
19.88333,-0.26135999,-0.150519997,0.179739997,0.01074,0.108419999,-0.019029999,-0.095090002,-0.032442856
19.9,-0.282620013,-0.065640002,0.258130014,0.01389,0.033229999,-0.027559999,-0.056469999,-0.018148572
19.91667,-0.258520007,-0.230509996,0.249620005,-0.00298,0.030339999,-0.059579998,-0.102760002,-0.053484286
19.93333,-0.266079992,-0.504130006,0.208399996,-0.06628,0.01599,-0.016829999,-0.098279998,-0.103887143
19.95,-0.354169995,-0.534210026,0.191839993,-0.105860002,0.024429999,-0.071479999,-0.097010002,-0.135208576
19.96667,-0.308120012,-0.546039999,0.131640002,-0.172020003,0.098119996,-0.10588,-0.0438,-0.135157145
19.98333,-0.312269986,-0.593770027,0.159700006,-0.128000006,0.100089997,-0.101640001,-0.085929997,-0.137402859
20,-0.325329989,-0.513100028,0.032469999,-0.106530003,0.061670002,-0.089050002,-0.03246,-0.138904289
20.01667,-0.286469996,-0.485040009,0.021,-0.155890003,0.086439997,-0.074050002,-0.02537,-0.131340002
20.03333,-0.237220004,-0.41523999,0.046939999,-0.180610001,0.11124,-0.035289999,-0.01501,-0.103598571
20.05,-0.286430001,-0.364060014,0.02231,-0.194399998,0.07395,-0.057330001,0.00516,-0.114400002
20.06667,-0.292890012,-0.335909992,0.039900001,-0.173690006,0.04676,-0.097510003,-0.00089,-0.116318573
20.08333,-0.245609999,-0.321960002,0.118419997,-0.085079998,0.00357,-0.154190004,-0.040429998,-0.103611429
20.1,-0.239160001,-0.370490015,0.068939999,-0.063979998,0.00366,-0.01557,-0.061020002,-0.09680286
20.11667,-0.195969999,-0.294039994,-0.00481,-0.157769993,-0.042059999,-0.115910001,0.020570001,-0.112855712
20.13333,-0.063830003,-0.262129992,-0.02998,-0.182060003,-0.02995,-0.086300001,-0.032540001,-0.098112857
20.15,-0.00284,-0.268909991,-0.021849999,-0.175999999,-0.060079999,-0.108000003,-0.049120001,-0.098114285
20.16667,-0.053599998,-0.292869985,-0.00479,-0.155929998,-0.01668,-0.12483,-0.026489999,-0.096455712
20.18333,0.03012,-0.213180006,-0.04606,-0.139689997,0.018789999,-0.131060004,-0.063390002,-0.07778143
20.2,-0.03232,-0.204150006,-0.080789998,-0.127550006,-0.01045,-0.063320003,-0.076549999,-0.085018573
20.21667,-0.03057,-0.141849995,-0.05821,-0.148430005,0.021059999,-0.064060003,-0.05852,-0.068654286
20.23333,-0.142800003,-0.101570003,-0.04888,-0.091260001,-0.00772,-0.0792,-0.068999998,-0.077204286
20.25,-0.192149997,-0.139770001,-0.043960001,-0.136529997,0.02482,-0.076930001,-0.116379999,-0.097271428
20.26667,-0.195610002,-0.177210003,-0.08901,-0.194429994,-0.01497,-0.046039999,-0.070100002,-0.112481428
20.28333,-0.403450012,-0.247580007,-0.069660001,-0.183349997,-0.02011,-0.084339999,-0.059900001,-0.152627145
20.3,-0.30915001,-0.280409992,-0.101180002,-0.133839995,0.042939998,-0.093170002,-0.0277,-0.12893
20.31667,-0.34920001,-0.323610008,-0.115790002,-0.148760006,0.110399999,-0.089699998,-0.05212,-0.138397147
20.33333,-0.238299996,-0.29321,-0.163200006,-0.110780001,0.041099999,-0.076870002,-0.065810002,-0.12958143
20.35,-0.125740007,-0.265260011,-0.181240007,-0.122890003,0.00504,-0.080310002,-0.078039996,-0.121205718
20.36667,-0.26473999,-0.213540003,-0.181360006,-0.152339995,-0.03461,-0.076289997,-0.034949999,-0.136832856
20.38333,-0.257319987,-0.210270002,-0.164570004,-0.150629997,-0.053720001,-0.070610002,-0.076559998,-0.140525713
20.4,-0.326180011,-0.115170002,-0.141550004,-0.131750003,-0.038029999,-0.061799999,-0.084600002,-0.128440003
20.41667,-0.173339993,-0.105779998,-0.133230001,-0.090279996,-0.018370001,-0.01253,-0.053959999,-0.083927141
20.43333,-0.126430005,-0.110370003,-0.161349997,-0.099689998,0.02111,-0.039500002,-0.06617,-0.0832
20.45,0.070390001,-0.085950002,-0.170120001,-0.112369999,0.051350001,-0.090839997,-0.106080003,-0.063374286
20.46667,0.230240002,-0.071829997,-0.185200006,-0.114650004,0.075489998,-0.128049999,-0.091909997,-0.040844286
20.48333,0.306939989,-0.088189997,-0.171570003,-0.115809999,0.183669999,-0.085940003,-0.090999998,-0.008842859
20.5,0.33721,-0.079839997,-0.153009996,-0.102640003,-0.01177,-0.061420001,-0.078879997,-0.021478571
20.51667,0.328209996,-0.074150003,-0.189410001,-0.115529999,0.05635,-0.048149999,-0.061379999,-0.014865715
20.53333,0.39091,-0.134509996,-0.176870003,-0.096929997,0.097879998,-0.06329,-0.03912,-0.003132857
20.55,0.264710009,-0.182300001,-0.183009997,-0.09392,0.037730001,-0.133100003,-0.06837,-0.051179999
20.56667,0.209680006,-0.154970005,-0.163399994,-0.111639999,-0.01217,-0.102619998,-0.100560002,-0.062239999
20.58333,0.03033,-0.134709999,-0.132699996,-0.138500005,0.0295,-0.119230002,-0.10424,-0.081364286
20.6,0.015629999,-0.088420004,-0.159160003,-0.147909999,-0.01196,-0.061870001,-0.05703,-0.072960001
20.61667,-0.150940001,-0.066289999,-0.189410001,-0.144999996,-0.034869999,-0.04792,-0.087159999,-0.103084285
20.63333,-0.112839997,-0.064829998,-0.183080003,-0.138620004,0.00819,-0.050409999,-0.08619,-0.089682857
20.65,-0.12088,-0.054189999,-0.139679998,-0.158810005,0.080179997,-0.065640002,-0.03974,-0.07125143
20.66667,-0.274340004,-0.073969997,-0.118699998,-0.138970003,0.122830003,-0.07711,-0.065559998,-0.089402857
20.68333,-0.243919998,-0.0623,-0.110009998,-0.111749999,0.18423,-0.12173,-0.036529999,-0.071715714
20.7,-0.183239996,-0.047809999,-0.107220002,-0.138129994,0.15501,-0.109099999,-0.05576,-0.069464284
20.71667,-0.320300013,-0.04205,-0.084059998,-0.131300002,0.215780005,-0.061949998,-0.068389997,-0.070324286
20.73333,-0.42216,-0.031479999,-0.092139997,-0.156039998,0.168620005,-0.041200001,-0.088519998,-0.094702855
20.75,-0.425069988,-0.06741,-0.130659997,-0.217800006,0.216189995,-0.064510003,-0.103289999,-0.113221428
20.76667,-0.473589987,-0.051819999,-0.124090001,-0.23274,0.267250001,-0.049740002,-0.151370004,-0.116585713
20.78333,-0.375609994,-0.01032,-0.140699998,-0.194150001,0.300500005,-0.04727,-0.135769993,-0.086188569
20.8,-0.357199997,0.0065,-0.119670004,-0.152020007,0.332520008,-0.01369,-0.058049999,-0.051658571
20.81667,-0.330570012,0.03184,-0.114129998,0.03334,0.426640004,-0.04865,-0.040920001,-0.006064287
20.83333,-0.342610002,0.119220003,-0.119709998,0.027480001,0.440019995,-0.14147,-0.0414,-0.008352857
20.85,-0.375310004,0.170059994,-0.169139996,0.08427,0.453729987,-0.073880002,-0.060619999,0.004158569
20.86667,-0.402480006,0.241329998,-0.157220006,0.094690003,0.530889988,-0.05979,-0.062040001,0.026482854
20.88333,-0.367390007,0.18457,-0.162560001,0.147090003,0.554319978,-0.040589999,-0.078400001,0.033862853
20.9,-0.34404999,0.206919998,-0.159820005,0.230729997,0.447210014,0.00176,-0.100249998,0.040357145
20.91667,-0.287129998,0.105549999,-0.141299993,0.199330002,0.374830008,-0.04741,-0.060970001,0.020414288
20.93333,-0.147829995,0.040539999,-0.10627,0.127550006,0.242719993,-0.096160002,-0.055289999,0.000751429
20.95,-0.226290002,0.00677,-0.124760002,0.115149997,0.224490002,-0.03136,-0.02672,-0.008960001
20.96667,-0.165370002,-0.00534,-0.117940001,0.079340003,0.10063,-0.079910003,-0.04659,-0.033597143
20.98333,-0.234459996,0.01395,-0.09866,-0.007,0.117370002,-0.13369,-0.03107,-0.053365713
21,-0.181360006,-0.0123,-0.185279995,-0.00182,0.163829997,-0.067400001,-0.03348,-0.045401429
21.01667,-0.34029001,0.02623,-0.065839998,-0.04738,0.203580007,-0.07801,-0.022120001,-0.046261429
21.03333,-0.373409986,-0.01932,-0.083970003,-0.067050003,0.194220006,-0.086609997,-0.030789999,-0.066704283
21.05,-0.343710005,-0.174869999,-0.08004,-0.060079999,0.116590001,-0.128910005,-0.057890002,-0.104130001
21.06667,-0.217260003,-0.238059998,-0.14294,-0.063199997,0.064620003,-0.140790001,-0.097630002,-0.119322857
21.08333,-0.05229,-0.141540006,-0.132939994,-0.03176,-0.00555,-0.115010001,-0.026969999,-0.072294286
21.1,-0.103950001,-0.039390001,-0.126599997,-0.01953,-0.103239998,-0.124020003,-0.0277,-0.077775714
21.11667,-0.057410002,0.02234,-0.146679997,0.00128,-0.087439999,-0.133149996,-0.01966,-0.060102856
21.13333,-0.175139993,0.01613,-0.186340004,0.064149998,-0.116870001,-0.135539994,-0.00132,-0.076418571
21.15,-0.07999,-0.053610001,-0.145229995,0.00371,-0.050870001,-0.149590001,-0.02768,-0.071894285
21.16667,-0.096869998,-0.107529998,-0.132009998,-0.03864,0.081969999,-0.09155,-0.024900001,-0.058504285
21.18333,-0.088720001,-0.143380001,-0.217199996,0.00832,0.10385,-0.038339999,0.01242,-0.051864285
21.2,-0.083169997,-0.141259998,-0.211410001,-0.00999,0.23612,-0.114720002,-0.01008,-0.047787143
21.21667,0.029789999,-0.116980001,-0.149120003,-0.066749997,0.245289996,-0.081579998,-0.0374,-0.025250001
21.23333,0.0024,-0.12449,-0.215680003,-0.035409998,0.279570013,-0.120399997,-0.042440001,-0.036635712
21.25,0.083499998,-0.090180002,-0.090970002,-0.065310001,0.249559999,-0.081189997,-0.04741,-0.006000001
21.26667,0.05319,0.00486,-0.064170003,-0.093489997,0.173179999,-0.057539999,-0.0152,0.000118571
21.28333,-0.04713,-0.075690001,-0.100359999,-0.05844,0.02844,-0.054099999,-0.01919,-0.046638571
21.3,-0.186069995,0.016340001,-0.082170002,-0.042970002,-0.04628,-0.068609998,-0.01337,-0.060447142
21.31667,-0.119429998,-0.108549997,-0.100079998,-0.081280001,-0.116839997,-0.01543,-0.017790001,-0.079914285
21.33333,-0.200650007,-0.15907,-0.053160001,-0.056839999,-0.105829999,-0.066540003,-0.00105,-0.091877144
21.35,-0.148110002,-0.232920006,-0.07395,-0.04778,-0.03167,-0.04806,-0.02139,-0.086268573
21.36667,-0.151439995,-0.242829993,-0.08636,-0.04465,-0.039810002,-0.040819999,-0.01103,-0.088134284
21.38333,-0.090020001,-0.294230014,-0.05663,-0.024669999,0.072400004,-0.024010001,-0.0089,-0.060865716
21.4,0.00279,-0.315200001,-0.097949997,-0.00669,0.167610005,-0.065279998,0.00107,-0.044807142
21.41667,0.087229997,-0.308070004,-0.112999998,-0.0276,0.235679999,-0.051309999,-0.017170001,-0.027748572
21.43333,-0.079120003,-0.315800011,-0.092189997,-0.01283,0.279610008,0.00617,-0.00752,-0.031668572
21.45,0.074089997,-0.342240006,-0.205129996,-0.025079999,0.158160001,0.00122,-0.00702,-0.049428572
21.46667,0.185340002,-0.299219996,-0.264880002,-0.052590001,0.082630001,0.00486,-0.053520001,-0.056768571
21.48333,0.057270002,-0.316850007,-0.25248,-0.05824,0.05404,0.00018,-0.01516,-0.075891429
21.5,0.174170002,-0.275790006,-0.215430006,-0.07508,-0.11039,-0.0119,-0.016890001,-0.07590143
21.51667,0.087700002,-0.265570015,-0.263870001,-0.049449999,-0.138029993,-0.029519999,-0.01011,-0.095550001
21.53333,0.065310001,-0.262239993,-0.287259996,-0.113860004,-0.18096,-0.02775,-0.00285,-0.11565857
21.55,-0.040920001,-0.267049998,-0.219919994,-0.110490002,-0.283369988,-0.0108,0.01702,-0.130789998
21.56667,0.022150001,-0.236609995,-0.343369991,-0.062309999,-0.189129993,-0.035859998,0.043260001,-0.114552854
21.58333,0.038090002,-0.222890005,-0.445919991,-0.081200004,-0.130539998,-0.027729999,0.04352,-0.118095714
21.6,0.0911,-0.174380004,-0.577019989,-0.050030001,-0.143220007,-0.018610001,0.00667,-0.123641429
21.61667,-0.03005,-0.11118,-0.518930018,-0.01506,-0.141080007,-0.025450001,0.00447,-0.119611432
21.63333,0.046250001,-0.092990004,-0.582040012,-0.00643,-0.072329998,-0.01013,-0.02203,-0.10567143
21.65,0.310490012,-0.093160003,-0.574020028,-0.0092,-0.07931,-0.0029,0.00114,-0.063851431
21.66667,0.216460004,-0.012,-0.579990029,0.0185,-0.153099999,-0.020090001,0.01139,-0.074118575
21.68333,0.188800007,-0.04964,-0.557210028,-0.00227,-0.03771,-0.05412,0.00593,-0.072317146
21.7,0.08219,-0.01794,-0.488070011,-0.00793,-0.01046,-0.087920003,-0.01292,-0.077578573
21.71667,0.157440007,-0.023709999,-0.346410006,-0.00178,0.138400003,-0.053130001,0.05314,-0.010864285
21.73333,0.084059998,-0.027930001,-0.325419992,0.01485,0.126110002,-0.049249999,0.064429998,-0.016164285
21.75,0.066990003,-0.101269998,-0.255070001,-0.018850001,0.123360001,-0.117310002,0.084530003,-0.031088571
21.76667,-0.043260001,-0.074419998,-0.186690003,0.0153,0.12793,-0.133660004,0.05181,-0.034712858
21.78333,-0.053630002,-0.01109,-0.134039998,0.0242,0.110699996,-0.115769997,0.00517,-0.024922857
21.8,-0.143979996,-0.024700001,-0.152439997,0.01016,-0.035500001,-0.190479994,0.049679998,-0.06960857
21.81667,-0.206259996,0.122450002,-0.050319999,0.00391,-0.093630001,-0.164039999,0.114550002,-0.03904857
21.83333,-0.363200009,0.259849995,-0.205359995,-0.00526,-0.073959999,-0.134580001,0.118440002,-0.057724287
21.85,-0.382840008,0.230519995,-0.038520001,-0.026969999,-0.075290002,-0.086879998,0.075539999,-0.043491431
21.86667,-0.299470007,0.186130002,-0.048020002,-0.0298,-0.054469999,-0.04888,0.01973,-0.039254286
21.88333,-0.412279993,0.23838,-0.0616,-0.016419999,0.00156,-0.201550007,0.028899999,-0.06043
21.9,-0.450619996,0.335150003,0.062320001,-0.06061,0.038710002,-0.166850001,-0.034340002,-0.039462856
21.91667,-0.417560011,0.096129999,0.04228,-0.065169998,0.189930007,-0.165209994,-0.100129999,-0.059961428
21.93333,-0.307920009,0.01182,-0.035870001,-0.0392,0.103479996,-0.175060004,-0.092380002,-0.076447146
21.95,-0.180450007,-0.040750001,-0.107969999,-0.055879999,-0.080499999,-0.199939996,-0.121169999,-0.11238
21.96667,-0.221349999,-0.065389998,-0.143490002,-0.070440002,-0.065700002,-0.155760005,-0.101180002,-0.117615716
21.98333,-0.471789986,-0.113080002,-0.138170004,-0.064719997,-0.065250002,-0.1426,-0.040630002,-0.148034285
22,-0.649179995,-0.153899997,-0.185550004,-0.075180002,-0.102080002,-0.093209997,-0.04535,-0.18635
22.01667,-0.566049993,-0.103359997,-0.230519995,-0.072980002,-0.15975,-0.138349995,-0.050689999,-0.188814283
22.03333,-0.368880004,-0.059110001,-0.268240005,-0.037530001,-0.183339998,-0.135460004,-0.01902,-0.153082859
22.05,-0.331589997,-0.079620004,-0.313760012,-0.070749998,-0.194279999,-0.108580001,-0.01919,-0.15968143
22.06667,-0.395920008,-0.06312,-0.255670011,-0.068640001,-0.170839995,-0.152199998,-0.058449998,-0.166405716
22.08333,-0.263319999,-0.03449,-0.313760012,-0.095720001,-0.179670006,-0.17272,-0.01702,-0.153814288
22.1,0.173810005,-0.00699,-0.225360006,-0.106650002,-0.191339999,-0.16742,-0.039009999,-0.080422857
22.11667,-0.43305999,-0.078919999,-0.114859998,-0.092540003,-0.170560002,-0.151099995,-0.104790002,-0.163689999
22.13333,-0.708119988,-0.069789998,-0.047490001,-0.093800001,-0.133129999,-0.204699993,-0.13786,-0.199269997
22.15,-0.527270019,-0.00562,-0.100199997,-0.104989998,-0.12782,-0.05226,-0.09708,-0.145034288
22.16667,-0.654340029,-0.074029997,-0.210859999,-0.078539997,-0.138970003,-0.084899999,-0.069279999,-0.187274289
22.18333,-0.743350029,-0.02898,-0.199149996,-0.063519999,-0.159270003,-0.17802,-0.075910002,-0.206885719
22.2,-0.60702002,-0.064989999,-0.230849996,-0.06244,-0.150670007,-0.153369993,-0.121469997,-0.198687145
22.21667,-0.478729993,-0.00263,-0.265009999,-0.081419997,-0.268330008,-0.127729997,-0.201299995,-0.203592856
22.23333,-0.543099999,0.142920002,-0.267479986,-0.123709999,-0.270139992,-0.262690008,-0.363649994,-0.241121425
22.25,-0.522949994,0.077169999,-0.245000005,-0.140900001,-0.323139995,-0.10768,-0.366829991,-0.232761427
22.26667,-0.536629975,0.083760001,-0.228,-0.138180003,-0.213310003,-0.126069993,-0.192310005,-0.192962854
22.28333,-0.564719975,0.06515,-0.147420004,-0.199949995,-0.184780002,-0.184450001,-0.083400004,-0.185652854
22.3,-0.602370024,0.080410004,-0.084129997,-0.259930015,-0.206290007,-0.21232,-0.061080001,-0.192244291
22.31667,-0.531610012,0.059379999,-0.01017,-0.307999998,-0.200880006,-0.199359998,-0.241050005,-0.204527146
22.33333,-0.477690011,0.115879998,-0.01677,-0.270179987,-0.219190001,-0.175449997,-0.349460006,-0.198980001
22.35,-0.534829974,0.110349998,-0.019479999,-0.313499987,-0.240889996,-0.170809999,-0.319319993,-0.212639993
22.36667,-0.495059997,0.01873,-0.112630002,-0.269639999,-0.254680008,-0.196789995,-0.078210004,-0.198325715
22.38333,-0.531459987,-0.090530001,-0.063539997,-0.188610002,-0.252510011,-0.255930007,0.058979999,-0.189085715
22.4,-0.49921,-0.209429994,-0.099490002,-0.172959998,-0.285160005,-0.251379997,0.12974,-0.198269999
22.41667,-0.47014001,-0.211359993,-0.076889999,-0.160060003,-0.259209991,-0.234019995,0.120980002,-0.184385713
22.43333,-0.535969973,-0.219610006,-0.139630005,-0.07429,-0.294389993,-0.220029995,0.059530001,-0.203484281
22.45,-0.429080009,-0.174520001,-0.02502,-0.096089996,-0.279740006,-0.215460002,0.021749999,-0.171165716
22.46667,-0.495539993,-0.056469999,-0.040339999,-0.142570004,-0.226249993,-0.17881,-0.035859998,-0.167977141
22.48333,-0.43167001,-0.115889996,-0.00476,-0.161760002,-0.254570007,-0.156709999,-0.130469993,-0.179404287
22.5,-0.367680013,-0.162059993,-0.01267,-0.139090002,-0.222509995,-0.233659998,-0.158010006,-0.185097144
22.51667,-0.314440012,-0.231480002,-0.06205,-0.165279999,-0.294039994,-0.231439993,-0.188429996,-0.212451428
22.53333,-0.31397,-0.280669987,-0.114249997,-0.202329993,-0.259130001,-0.221310005,-0.193440005,-0.226442855
22.55,-0.332120001,-0.289119989,-0.075599998,-0.16742,-0.273629993,-0.188539997,-0.294050008,-0.231497141
22.56667,-0.408639997,-0.25929001,-0.128199995,-0.182099998,-0.365850002,-0.178330004,-0.227789998,-0.250028572
22.58333,-0.503530025,-0.235709995,-0.145160004,-0.214129999,-0.467139989,-0.228190005,-0.095849998,-0.269958574
22.6,-0.420060009,-0.20104,-0.183449998,-0.22552,-0.404159993,-0.192900002,-0.06419,-0.241617143
22.61667,-0.393510014,0.056620002,-0.230660006,-0.229000002,-0.290039986,-0.215709999,-0.00025,-0.186078572
22.63333,-0.19043,0.096840002,-0.274899989,-0.259759992,-0.259959996,-0.133269995,-0.0208,-0.148897139
22.65,-0.141299993,-0.252730012,-0.251679987,-0.215240002,-0.286009997,-0.186609998,-0.00442,-0.191141427
22.66667,-0.08636,-0.081770003,-0.186289996,-0.267760009,-0.378380001,-0.164399996,-0.01087,-0.167975715
22.68333,0.01139,-0.104099996,-0.137050003,-0.211669996,-0.46667999,-0.107500002,-0.047219999,-0.151832855
22.7,0.122539997,-0.267919987,-0.054740001,-0.202879995,-0.533879995,-0.032729998,-0.124329999,-0.15627714
22.71667,0.061889999,-0.335070014,-0.01949,-0.188319996,-0.566709995,-0.140389994,-0.18163,-0.195674286
22.73333,-0.01575,-0.360839993,-0.079429999,-0.181099996,-0.540170014,-0.186979994,-0.208800003,-0.224724286
22.75,-0.05923,-0.572489977,-0.0592,-0.149049997,-0.535130024,-0.168160006,-0.173989996,-0.245321429
22.76667,-0.00479,-0.544359982,0.075390004,-0.093560003,-0.518459976,-0.159040004,-0.146860003,-0.198811423
22.78333,-0.00205,-0.443589985,-0.00033,-0.073490001,-0.476639986,-0.170760006,-0.111259997,-0.182588568
22.8,-0.091150001,-0.240020007,-0.136930004,-0.065269999,-0.418769985,-0.17295,-0.177430004,-0.186074286
22.81667,-0.108309999,-0.403629988,-0.124349996,-0.078950003,-0.398440003,-0.199530005,-0.235190004,-0.2212
22.83333,-0.173099995,-0.376870006,-0.201250002,-0.069410004,-0.400079995,-0.170110002,-0.304250002,-0.242152858
22.85,-0.161730006,-0.335469991,-0.215529993,-0.098420002,-0.377799988,-0.233089998,-0.240999997,-0.237577139
22.86667,-0.184550002,-0.336320013,-0.229560003,-0.110469997,-0.397540003,-0.226659998,-0.195500001,-0.240085717
22.88333,-0.123039998,-0.473630011,-0.258700013,-0.086790003,-0.402139992,-0.261460006,-0.270139992,-0.267985716
22.9,-0.159979999,-0.41060999,-0.229859993,-0.107380003,-0.316720009,-0.233280003,-0.26800999,-0.24654857
22.91667,-0.286830008,-0.604520023,-0.252530009,-0.129559994,-0.256280005,-0.247620001,-0.181470007,-0.279830007
22.93333,-0.34957999,-0.692030013,-0.249070004,-0.112750001,-0.236389995,-0.217820004,-0.127540007,-0.283597145
22.95,-0.296979994,-0.618219972,-0.263599992,-0.146530002,-0.218060002,-0.206070006,-0.056779999,-0.258034281
22.96667,-0.332800001,-0.685940027,-0.187059999,-0.154060006,-0.221430004,-0.187040001,0.00095,-0.252482863
22.98333,-0.373739988,-0.651549995,-0.182669997,-0.165120006,-0.189160004,-0.206330001,-0.01034,-0.254129999
23,-0.40316999,-0.689939976,-0.22608,-0.148709998,-0.200489998,-0.221269995,-0.056850001,-0.278072851
23.01667,-0.400739998,-0.607010007,-0.230470002,-0.165560007,-0.210309997,-0.205939993,-0.107380003,-0.275344287
23.03333,-0.494480014,-0.56457001,-0.224549994,-0.150930002,-0.23285,-0.198129997,-0.17272,-0.291175717
23.05,-0.444940001,-0.50177002,-0.209079996,-0.155410007,-0.196270004,-0.196510002,-0.196209997,-0.271455718
23.06667,-0.397830009,-0.470849991,-0.185550004,-0.183520004,-0.241359994,-0.142509997,-0.220609993,-0.263175713
23.08333,-0.467669994,-0.500739992,-0.224900007,-0.157810003,-0.26414001,-0.091159999,-0.280330002,-0.28382143
23.1,-0.465510011,-0.509180009,-0.198119998,-0.172409996,-0.294869989,-0.199719995,-0.311170012,-0.307282859
23.11667,-0.467779994,-0.424290001,-0.174659997,-0.184870005,-0.231130004,-0.168029994,-0.330720007,-0.283068572
23.13333,-0.401630014,-0.423839986,-0.157769993,-0.198949993,-0.227019995,-0.105329998,-0.316480011,-0.261574284
23.15,-0.406699985,-0.338360012,-0.152590007,-0.205679998,-0.221729994,-0.10114,-0.325300008,-0.250214286
23.16667,-0.301149994,-0.39594999,-0.17656,-0.193550006,-0.211309999,-0.141210005,-0.402839988,-0.26036714
23.18333,-0.222069994,-0.409790009,-0.288020015,-0.188879997,-0.227709994,-0.177900001,-0.43998,-0.279192859
23.2,-0.292070001,-0.486809999,-0.320250005,-0.194910005,-0.226589993,-0.152129993,-0.439770013,-0.301790001
23.21667,-0.162780002,-0.329759985,-0.347039998,-0.190119997,-0.192110002,-0.281839997,-0.392780006,-0.270918569
23.23333,-0.089340001,-0.285039991,-0.291790009,-0.210470006,-0.151319996,-0.309450001,-0.352259994,-0.241381428
23.25,-0.159689993,-0.227699995,-0.342970014,-0.220129997,-0.156839997,-0.300700009,-0.299320012,-0.243907145
23.26667,-0.134029999,-0.23026,-0.382649988,-0.230210006,-0.143350005,-0.280030012,-0.275680006,-0.239458574
23.28333,-0.049339999,-0.274280012,-0.383289993,-0.219799995,-0.216089994,-0.280470014,-0.18863,-0.230271429
23.3,-0.197620004,-0.351509988,-0.331930012,-0.222450003,-0.237990007,-0.226070002,-0.145539999,-0.244730002
23.31667,-0.283969998,-0.196960002,-0.378960013,-0.199279994,-0.210700005,-0.122730002,-0.075220004,-0.209688574
23.33333,-0.366899997,-0.222409993,-0.352209985,-0.188370004,-0.158230007,-0.132290006,-0.065240003,-0.212235714
23.35,-0.413239986,-0.258599997,-0.303070009,-0.201910004,-0.202480003,-0.112910002,0.02479,-0.209631429
23.36667,-0.413529992,-0.258890003,-0.28294,-0.188449994,-0.204119995,-0.12049,0.057969999,-0.201492855
23.38333,-0.354750007,-0.213349998,-0.254429996,-0.197369993,-0.206520006,-0.274060011,0.096129999,-0.20062143
23.4,-0.371250004,-0.178529993,-0.179639995,-0.201749995,-0.215599999,-0.304690003,0.187250003,-0.180601427
23.41667,-0.277889997,-0.199349999,-0.190579996,-0.186629996,-0.205770001,-0.28233999,0.217869997,-0.160669997
23.43333,-0.306650013,-0.200639993,-0.314469993,-0.202370003,-0.164930001,-0.282680005,0.19754,-0.182028572
23.45,-0.314689994,-0.162530005,-0.346969992,-0.233600006,-0.158610001,-0.330769986,0.109559998,-0.205372855
23.46667,-0.1796,-0.196419999,-0.31663999,-0.251749992,-0.079659998,-0.305429995,0.02445,-0.186435711
23.48333,-0.231380001,-0.199049994,-0.394789994,-0.248390004,-0.035840001,-0.191689998,0.030889999,-0.181464285
23.5,-0.314949989,-0.201539993,-0.377700001,-0.229790002,-0.0546,-0.128749996,0.043269999,-0.180579998
23.51667,-0.351940006,-0.245230004,-0.329640001,-0.229540005,-0.06724,-0.164100006,-0.071670003,-0.208480004
23.53333,-0.40722999,-0.304969996,-0.293900013,-0.240160003,-0.115539998,-0.215780005,-0.075220004,-0.236114287
23.55,-0.417849988,-0.317209989,-0.208560005,-0.23251,-0.180820003,-0.200049996,-0.090559997,-0.235365711
23.56667,-0.205200002,-0.302100003,-0.303169996,-0.249090001,-0.214220002,-0.240439996,-0.067659996,-0.225982857
23.58333,-0.239460006,-0.310640007,-0.225950003,-0.245189995,-0.219620004,-0.255800009,-0.030309999,-0.218138575
23.6,-0.234469995,-0.284810007,-0.225749999,-0.229110003,-0.283399999,-0.269520015,-0.042920001,-0.22428286
23.61667,-0.168219998,-0.32141,-0.245320007,-0.236670002,-0.244739994,-0.244430006,-0.10509,-0.223697144
23.63333,-0.221829996,-0.256399989,-0.285019994,-0.265210003,-0.193130001,-0.216910005,-0.149379998,-0.226839998
23.65,-0.284929991,-0.126120001,-0.283389986,-0.234459996,-0.20713,-0.215939999,-0.189019993,-0.220141424
23.66667,-0.228819996,-0.01156,-0.319020003,-0.22405,-0.237440005,-0.220390007,-0.214640006,-0.207988574
23.68333,-0.269010007,-0.083130002,-0.339760005,-0.259059995,-0.264050007,-0.183789998,-0.299019992,-0.242545715
23.7,-0.229599997,-0.01508,-0.267630011,-0.295469999,-0.288129985,-0.178470001,-0.24481,-0.217027142
23.71667,-0.219050005,-0.137940004,-0.292109996,-0.290639997,-0.299430013,-0.190540001,-0.19957,-0.232754288
23.73333,-0.316309988,-0.151730001,-0.327069998,-0.282070011,-0.260710001,-0.174940005,-0.278860003,-0.255955715
23.75,-0.26403001,-0.222780004,-0.220850006,-0.271690011,-0.257010013,-0.18062,-0.301389992,-0.245481434
23.76667,-0.259140015,-0.164930001,-0.280589998,-0.287930012,-0.247240007,-0.212149993,-0.254400015,-0.243768577
23.78333,-0.348280013,-0.151710004,-0.307610005,-0.289180011,-0.234999999,-0.263359994,-0.209790006,-0.257847147
23.8,-0.355140001,-0.176390007,-0.331290007,-0.265890002,-0.19303,-0.308569998,-0.191799998,-0.26030143
23.81667,-0.405990005,-0.180710003,-0.339650005,-0.246450007,-0.201499999,-0.345349997,-0.172030002,-0.270240002
23.83333,-0.503120005,-0.325450003,-0.370310009,-0.261819988,-0.184900001,-0.357490003,-0.203600004,-0.31524143
23.85,-0.43689999,-0.323949993,-0.295949996,-0.27493,-0.064709999,-0.375290006,-0.138909996,-0.272948568
23.86667,-0.504769981,-0.317880005,-0.288269997,-0.28560999,-0.146449998,-0.326020002,-0.149450004,-0.288349997
23.88333,-0.389649987,-0.322070003,-0.249489993,-0.299109995,-0.247229993,-0.31882,-0.155780002,-0.283164282
23.9,-0.173700005,-0.217749998,-0.297600001,-0.293989986,-0.229790002,-0.239250004,-0.176660001,-0.232677143
23.91667,-0.163900003,-0.23928,-0.370350003,-0.299490005,-0.236699998,-0.214300007,-0.162909999,-0.240990002
23.93333,-0.158289999,-0.170660004,-0.509899974,-0.266550004,-0.210879996,-0.202360004,-0.168149993,-0.240969996
23.95,-0.236750007,-0.231999993,-0.424169987,-0.265350014,-0.0117,-0.1963,-0.213029996,-0.225614285
23.96667,-0.218060002,-0.241889998,-0.434009999,-0.307960004,0.01462,-0.221719995,-0.227310002,-0.233761429
